sku,name,brand,model_no,price,currency,rating,review_count,url,image,Bare Unit Product Type,Battery Chemistry,Battery Power,Battery Technology,Bolt Capacity,Brand,Brushless,Capacity Masonry,Capacity Steel,Capacity Wood,Carry Case/Bag Included,Charge Time,Chuck Capacity,Chuck Type,Condition,Condition Description,Demolition Hammer Impact Energy,Drill Handle Type,Green star,Green star Claim,Impact Rate,Label Info 4: Supplementary Label Info,Label Info 5: Hazardous Chemical Content,Low Battery Indicator,Manual or Powered,Manufacturer Guarantee,Max Torque,Model No,No Load Speed,No. of Batteries Per Pack,No. of SDS Drill Functions,Overload Protection,Pack Size,Pieces in Pack/Case,Power Supply,Power Voltage Supply,Product Length,Product Type,Range Name,Repair Service Action,SDS Drill Product Type,Switch Type,Tool Weight with Battery,Tool Weight without Battery,Vibration Level,Vibration System,Z1 - UK Manufacturer Name,Z2 - UK Manufacturer Postal Address,Z3 - UK Manufacturer Electronic Address,Z4 - EU Manufacturer Name,Z5 - EU Manufacturer Postal Address,Z6 - EU Manufacturer Electronic Address,z1 - UK Manufacturer Name,z2 - UK Manufacturer Postal Address,z3 - UK Manufacturer Electronic Address,z4 - EU Manufacturer Name,z5 - EU Manufacturer Postal Address,z6 - EU Manufacturer Electronic Address
145KJ,Makita DTW300Z 18V Li-Ion LXT Brushless Cordless Impact Wrench - Bare,Makita,DTW300Z,159.99,GBP,4.7,65,/p/makita-dtw300z-18v-li-ion-lxt-brushless-cordless-impact-wrench-bare/145kj,https://media.screwfix.com/is/image/ae235/145KJ_P?$autoprodblock$,Impact Wrenches,Li-Ion,,LXT,M10-M20,Makita,Brushless,,,,No,,"1/2""",Square Drive,Brand New,Unused & in original factory/manufacturer condition.,,Soft-Grip Rubber Handle,Extending product lifecycles,A brushless electronic motor runs more efficiently than brushed types. This can help reduce the tool&#x27;s energy consumption and improve durability.,0-4000 bpm,,,,,1 Year Guarantee,330 Nm,DTW300Z,0 - 3200 rpm,None,,,1,1,Cordless,18 V,144 mm,Impact Wrench,,Should the product require repair please visit a store who will arrange the repair.,,,,1.2 kg,,,,,,,,,,,,,,
798XK,DEWALT DCF900N-XJ 18V Li-Ion XR Brushless Cordless 1/2&quot; Hog Ring High Torque Impact Wrench - Bare,DEWALT,DCF900N-XJ,199.99,GBP,4.9,18,/p/dewalt-dcf900n-xj-18v-li-ion-xr-brushless-cordless-1-2-hog-ring-high-torque-impact-wrench-bare/798xk,https://media.screwfix.com/is/image/ae235/798XK_P?$autoprodblock$,Impact Wrenches,Li-Ion,,XR,M30,DEWALT,Brushless,,,,No,,"1/2""",Square Drive Hog Ring,Brand New,Unused & in original factory/manufacturer condition.,,Rubber Overmould Grip,Extending product lifecycles,Sharing a battery between tools can make better use of resources.,1800 bpm,,,,,"3 Year Manufacturer’s Guarantee (Registration Required, T&Cs Apply)",950 Nm,DCF900N-XJ,2300 rpm,None,,,1,1,Cordless,18 V,232 mm,"1/2"" Hog Ring High Torque Impact Wrench",,Should the product require repair please visit a store who will arrange the repair.,,,,2.8 kg,,,Stanley Black & Decker,"270 Bath Road, Slough, Berkshire, SL1 4DX",,Stanley Black & Decker,"Black & Decker Strasse, Idstein, 65509, Germany","Support.DEWALT.com, https://www.irwintools.com/submit-request; https://support.blackanddecker.com, support.STANLEYTOOLS.com",,,,,,
445GE,Milwaukee M18 ONEFHIWF12-502X FUEL 18V 2 x 5.0Ah Li-Ion RedLithium Brushless Cordless ONE-KEY Impact Wrench,Milwaukee,M18 ONEFHIWF12-502X FUEL,389.99,GBP,5.0,16,/p/milwaukee-m18-onefhiwf12-502x-fuel-18v-2-x-5-0ah-li-ion-redlithium-brushless-cordless-one-key-impact-wrench/445ge,https://media.screwfix.com/is/image/ae235/445GE_P?$autoprodblock$,,Li-Ion,5.0 Ah,RedLithium,"1/2 """,Milwaukee,Brushless,,,,Yes,59 min,"1/2""",Hex / Square Drive,Brand New,Unused & in original factory/manufacturer condition.,,Rubber Overmould Grip,Extending product lifecycles,A brushless electronic motor runs more efficiently than brushed types. This can help reduce the tool&#x27;s energy consumption and improve durability.,0-2100 bpm,,,Low Battery Indicator,,"3 Year Manufacturer’s Guarantee (Registration Required, T&Cs Apply)",1356 Nm,M18 ONEFHIWF12-502X FUEL,0-1750 rpm,2,,,1,4,Cordless,18 V,213 mm,ONE-KEY Impact Wrench,,Should the product require repair please visit a store who will arrange the repair.,,,3.3 kg,,,,,,,,,,,,,,,
837XK,DEWALT DCF921N-XJ 18V Li-Ion XR Brushless Cordless M20 Hog Ring Compact Impact Wrench - Bare,DEWALT,DCF921N-XJ,144.99,GBP,4.9,19,/p/dewalt-dcf921n-xj-18v-li-ion-xr-brushless-cordless-m20-hog-ring-compact-impact-wrench-bare/837xk,https://media.screwfix.com/is/image/ae235/837XK_P?$autoprodblock$,Impact Wrenches,Li-Ion,,XR,M20,DEWALT,Brushless,,,,No,,"1/2""",Square Drive Hog Ring,Brand New,Unused & in original factory/manufacturer condition.,,Rubber Overmould Grip,Extending product lifecycles,Sharing a battery between tools can make better use of resources.,3600 bpm,,,,,1 Year Guarantee,406 Nm,DCF921N-XJ,2500 rpm,None,,,1,1,Cordless,18 V,125 mm,M20 Hog Ring Compact Impact Wrench,,Should the product require repair please visit a store who will arrange the repair.,,,,1.1 kg,,,Stanley Black & Decker,"270 Bath Road, Slough, Berkshire, SL1 4DX",,Stanley Black & Decker,"Black & Decker Strasse, Idstein, 65509, Germany","Support.DEWALT.com, https://www.irwintools.com/submit-request; https://support.blackanddecker.com, support.STANLEYTOOLS.com",,,,,,
949CX,Milwaukee M18FIW2F12-0 FUEL 18V Li-Ion RedLithium Brushless Cordless Impact Wrench - Bare,Milwaukee,M18FIW2F12-0 FUEL,119.99,GBP,5.0,4,/p/milwaukee-m18fiw2f12-0-fuel-18v-li-ion-redlithium-brushless-cordless-impact-wrench-bare/949cx,https://media.screwfix.com/is/image/ae235/949CX_P?$autoprodblock$,Impact Wrenches,Li-Ion,,RedLithium,"1/2 """,Milwaukee,Brushless,,,,No,,"1/2""",Square Drive,Brand New,Unused & in original factory/manufacturer condition.,,Rubber Overmould Grip,Extending product lifecycles,Sharing a battery between tools can make better use of resources.,3500 bpm,,,,,"3 Year Manufacturer’s Guarantee (Registration Required, T&Cs Apply)",339 Nm,M18FIW2F12-0 FUEL,2400 rpm,None,,,1,1,Cordless,18 V,246 mm,Impact Wrench,,Should the product require repair please visit a store who will arrange the repair.,,,,1.42 kg,,,,,,,,,,,,,,
564XK,DEWALT DCF891N-XJ 18V Li-Ion XR Brushless Cordless M24 Hog Ring Ultra-Compact Impact Wrench - Bare,DEWALT,DCF891N-XJ,189.99,GBP,4.8,11,/p/dewalt-dcf891n-xj-18v-li-ion-xr-brushless-cordless-m24-hog-ring-ultra-compact-impact-wrench-bare/564xk,https://media.screwfix.com/is/image/ae235/564XK_P?$autoprodblock$,Impact Wrenches,Li-Ion,,XR,M24,DEWALT,Brushless,,,,No,,"1/2""",Square Drive Hog Ring,,,,Rubber Overmould Grip,Extending product lifecycles,Sharing a battery between tools can make better use of resources.,3250 bpm,,,,,"3 Year Manufacturer’s Guarantee (Registration Required, T&Cs Apply)",812 Nm,DCF891N-XJ,2000 rpm,None,,,1,1,Cordless,18 V,175 mm,M24 Hog Ring Ultra-Compact Impact Wrench,,Should the product require repair please visit a store who will arrange the repair.,,,,1.67 kg,,,Stanley Black & Decker,"270 Bath Road, Slough, Berkshire, SL1 4DX",,Stanley Black & Decker,"Black & Decker Strasse, Idstein, 65509, Germany","Support.DEWALT.com, https://www.irwintools.com/submit-request; https://support.blackanddecker.com, support.STANLEYTOOLS.com",,,,,,
263EN,Milwaukee M18FHIW2F12-0 FUEL 18V Li-Ion RedLithium Brushless Cordless Impact Wrench - Bare,Milwaukee,M18FHIW2F12-0 FUEL,229.99,GBP,5.0,3,/p/milwaukee-m18fhiw2f12-0-fuel-18v-li-ion-redlithium-brushless-cordless-impact-wrench-bare/263en,https://media.screwfix.com/is/image/ae235/263EN_P?$autoprodblock$,Impact Wrenches,Li-Ion,,RedLithium,M36,Milwaukee,Brushless,,,,Yes,,"1/2""",Hex / Square Drive,,,,Rubber Overmould Grip,,,2400 bpm,,,,,"3 Year Manufacturer’s Guarantee (Registration Required, T&Cs Apply)",2034 Nm,M18FHIW2F12-0 FUEL,2000 rpm,None,,,1,1,Cordless,18 V,193 mm,Impact Wrench,,Should the product require repair please visit a store who will arrange the repair.,,,,2.7 kg,,,,,,,,,,,,,,
246GE,Milwaukee M18 ONEFHIWF34-502X FUEL 18V 2 x 5.0Ah Li-Ion RedLithium Brushless Cordless ONE-KEY Impact Wrench,Milwaukee,M18 ONEFHIWF34-502X FUEL,379.97,GBP,5.0,6,/p/milwaukee-m18-onefhiwf34-502x-fuel-18v-2-x-5-0ah-li-ion-redlithium-brushless-cordless-one-key-impact-wrench/246ge,https://media.screwfix.com/is/image/ae235/246GE_P?$autoprodblock$,,Li-Ion,5.0 Ah,RedLithium,"3/4 """,Milwaukee,Brushless,,,,Yes,59 min,"3/4""",Hex / Square Drive,,,,Rubber Overmould Grip,Extending product lifecycles,A brushless electronic motor runs more efficiently than brushed types. This can help reduce the tool&#x27;s energy consumption and improve durability.,"0-24,000 bpm",,,Low Battery Indicator,,1 Year Guarantee,1627 Nm,M18 ONEFHIWF34-502X FUEL,0-1800 rpm,2,,,1,1,Cordless,18 V,218 mm,ONE-KEY Impact Wrench,,Should the product require repair please visit a store who will arrange the repair.,,,3.5 kg,,,,,,,,,,,,,,,
109GE,Milwaukee M18 FIW2F38-502X FUEL 18V 2 x 5.0Ah Li-Ion RedLithium Brushless Cordless Impact Wrench,Milwaukee,M18 FIW2F38-502X FUEL,249.99,GBP,5.0,5,/p/milwaukee-m18-fiw2f38-502x-fuel-18v-2-x-5-0ah-li-ion-redlithium-brushless-cordless-impact-wrench/109ge,https://media.screwfix.com/is/image/ae235/109GE_P?$autoprodblock$,,Li-Ion,5.0 Ah,RedLithium,M18,Milwaukee,Brushless,,,,Yes,59 min,"3/8""",Square Drive,Brand New,Unused & in original factory/manufacturer condition.,,Rubber Overmould Grip,Extending product lifecycles,A brushless electronic motor runs more efficiently than brushed types. This can help reduce the tool&#x27;s energy consumption and improve durability.,0-3500 bpm,,,Low Battery Indicator,,1 Year Guarantee,339 Nm,M18 FIW2F38-502X FUEL,0-2400 rpm,2,,,1,1,Cordless,18 V,124 mm,Impact Wrench,,Should the product require repair please visit a store who will arrange the repair.,,,1.8 kg,,,,,,,,,,,,,,,
843XJ,Makita DTW1002Z 18V Li-Ion LXT Brushless Cordless Impact Wrench  - Bare,Makita,DTW1002Z,268.99,GBP,4.9,10,/p/makita-dtw1002z-18v-li-ion-lxt-brushless-cordless-impact-wrench-bare/843xj,https://media.screwfix.com/is/image/ae235/843XJ_P?$autoprodblock$,Impact Wrenches,Li-Ion,,LXT,"1/2-1 """,Makita,Brushless,,,,No,,"1/2""",Square Drive,Brand New,Unused & in original factory/manufacturer condition.,,Soft-Grip Handle,Extending product lifecycles,Sharing a battery between tools can make better use of resources.,0-2200 / 2000 / 1800 bpm,,,,,1 Year Guarantee,1000 Nm,DTW1002Z,0-1800/1000/900 rpm,None,,,1,1,Cordless,18 V,229 mm,Impact Wrench,,Should the product require repair please visit a store who will arrange the repair.,,,,3.3 kg,,,,,,,,,,,,,,
870YM,Erbauer ERI1097IPD 18V Li-Ion EXT Brushless Cordless Impact Wrench - Bare,Erbauer,ERI1097IPD,79.99,GBP,4.9,14,/p/erbauer-eri1097ipd-18v-li-ion-ext-brushless-cordless-impact-wrench-bare/870ym,https://media.screwfix.com/is/image/ae235/870YM_P?$autoprodblock$,Impact Wrenches,Li-Ion,,EXT,M24,Erbauer,Brushless,,,,No,,"1/2""",Square Drive,Brand New,Unused & in original factory/manufacturer condition.,,Soft-Grip Handle,Extending product lifecycles,A brushless electronic motor runs more efficiently than brushed types. This can help reduce the tool&#x27;s energy consumption and improve durability.,0-730/2100/2500/3200 bpm,,,,,1 Year Guarantee,800 Nm,ERI1097IPD,0-700/1500/1900/2600 rpm,None,,,1,1,Cordless,18 V,181 mm,Impact Wrench,,Should the product require repair please visit a store who will arrange the repair.,,,,2050 g,,,,,,,,,,,,,,
995KR,Milwaukee M18 FMTIW2F12-502X FUEL 18V 2 x 5.0Ah Li-Ion RedLithium Brushless Cordless Impact Wrench,Milwaukee,M18 FMTIW2F12-502X FUEL,389.99,GBP,5.0,7,/p/milwaukee-m18-fmtiw2f12-502x-fuel-18v-2-x-5-0ah-li-ion-redlithium-brushless-cordless-impact-wrench/995kr,https://media.screwfix.com/is/image/ae235/995KR_P?$autoprodblock$,,Li-Ion,5.0 Ah,RedLithium,M20,Milwaukee,Brushless,,,,Yes,59 min,"1/2""",Square Drive Hog Ring,Brand New,Unused & in original factory/manufacturer condition.,,Rubber Overmould Grip,Extending product lifecycles,A brushless electronic motor runs more efficiently than brushed types. This can help reduce the tool&#x27;s energy consumption and improve durability.,0-3000 bpm,,,Without Battery Indicator,,"3 Year Manufacturer’s Guarantee (Registration Required, T&Cs Apply)",880 Nm,M18 FMTIW2F12-502X FUEL,0-2400 rpm,2,,,1,1,Cordless,18 V,152 mm,Impact Wrench,,Should the product require repair please visit a store who will arrange the repair.,,,6.30 kg,,,,,,,,,,,,,,,
407GE,Milwaukee M12 FRAIWF12-622X FUEL 12V 2 x 2.0 / 6.0Ah Li-Ion RedLithium Brushless Cordless Right Angle Impact Wrench,Milwaukee,M12 FRAIWF12-622X FUEL,229.99,GBP,5.0,6,/p/milwaukee-m12-fraiwf12-622x-fuel-12v-2-x-2-0-6-0ah-li-ion-redlithium-brushless-cordless-right-angle-impact-wrench/407ge,https://media.screwfix.com/is/image/ae235/407GE_P?$autoprodblock$,,Li-Ion,2.0 / 6.0 Ah,RedLithium,M16,Milwaukee,Brushless,,,,Yes,120 min,"1/2""",Square Drive,Brand New,Unused & in original factory/manufacturer condition.,,Rubber Overmould Grip,Extending product lifecycles,A brushless electronic motor runs more efficiently than brushed types. This can help reduce the tool&#x27;s energy consumption and improve durability.,0-3600 bpm,,,Low Battery Indicator,,1 Year Guarantee,270 Nm,M12 FRAIWF12-622X FUEL,0-3000 rpm,2,,,1,1,Cordless,12 V,338 mm,Right Angle Impact Wrench,,Should the product require repair please visit a store who will arrange the repair.,,,1.7 kg,,,,,,,,,,,,,,,
711GE,Milwaukee M18 FIW2F38-0X FUEL 18V Li-Ion RedLithium Brushless Cordless Impact Wrench - Bare,Milwaukee,M18 FIW2F38-0X FUEL,129.99,GBP,5.0,9,/p/milwaukee-m18-fiw2f38-0x-fuel-18v-li-ion-redlithium-brushless-cordless-impact-wrench-bare/711ge,https://media.screwfix.com/is/image/ae235/711GE_P?$autoprodblock$,Impact Wrenches,Li-Ion,,RedLithium,M18,Milwaukee,Brushless,,,,No,,"3/8""",Square Drive,Brand New,Unused & in original factory/manufacturer condition.,,Rubber Overmould Grip,Extending product lifecycles,Sharing a battery between tools can make better use of resources.,0-3500 bpm,,,,,1 Year Guarantee,339 Nm,M18 FIW2F38-0X FUEL,0-2400 rpm,None,,,1,1,Cordless,18 V,124 mm,Impact Wrench,,Should the product require repair please visit a store who will arrange the repair.,,,,1.8 kg,,,,,,,,,,,,,,
934EH,DEWALT McLaren F1 Team DCF99MP2T-GB 18V 2 x 5.0Ah Li-Ion XR Brushless Cordless Impact Wrench,DEWALT,McLaren F1 Team DCF99MP2T-GB,312.99,GBP,5.0,2,/p/dewalt-mclaren-f1-team-dcf99mp2t-gb-18v-2-x-5-0ah-li-ion-xr-brushless-cordless-impact-wrench/934eh,https://media.screwfix.com/is/image/ae235/934EH_P?$autoprodblock$,,Li-Ion,5.0 Ah,XR,M24,DEWALT,Brushless,,,,Yes,70 min,"1/2""",Square Drive Hog Ring,,,,Rubber Overmould Grip,,,0–2200 bpm,,,Low Battery Indicator,,"3 Year Manufacturer’s Guarantee (Registration Required, T&Cs Apply)",1396 Nm,McLaren F1 Team DCF99MP2T-GB,0–2300 rpm,2,,,1,1,Cordless,18 V,223 mm,Impact Wrench,,Should the product require repair please visit a store who will arrange the repair.,,,2.9 kg,,,,Stanley Black & Decker,"270 Bath Road, Slough, Berkshire, SL1 4DX",,Stanley Black & Decker,"Black & Decker Strasse, Idstein, 65509, Germany","Support.DEWALT.com, https://www.irwintools.com/submit-request; https://support.blackanddecker.com, support.STANLEYTOOLS.com",,,,,,
907GE,Milwaukee M12 FRAIWF12-0 FUEL 12V Li-Ion RedLithium Brushless Cordless Right Angle Impact Wrench - Bare,Milwaukee,M12 FRAIWF12-0 FUEL,124.97,GBP,4.8,9,/p/milwaukee-m12-fraiwf12-0-fuel-12v-li-ion-redlithium-brushless-cordless-right-angle-impact-wrench-bare/907ge,https://media.screwfix.com/is/image/ae235/907GE_P?$autoprodblock$,Impact Wrenches,Li-Ion,,RedLithium,M16,Milwaukee,Brushless,,,,No,,"1/2""",Square Drive,Brand New,Unused & in original factory/manufacturer condition.,,Rubber Overmould Grip,Extending product lifecycles,A brushless electronic motor runs more efficiently than brushed types. This can help reduce the tool&#x27;s energy consumption and improve durability.,0-3600 bpm,,,,,1 Year Guarantee,270 Nm,M12 FRAIWF12-0 FUEL,0-3000 rpm,None,,,1,1,Cordless,12 V,338 mm,Right Angle Impact Wrench,,Should the product require repair please visit a store who will arrange the repair.,,,,1.3 kg,,,,,,,,,,,,,,
496XK,DEWALT DCF921P2T-GB 18V 2 x 5.0Ah Li-Ion XR Brushless Cordless Compact Impact Wrench,DEWALT,DCF921P2T-GB,289.99,GBP,5.0,5,/p/dewalt-dcf921p2t-gb-18v-2-x-5-0ah-li-ion-xr-brushless-cordless-compact-impact-wrench/496xk,https://media.screwfix.com/is/image/ae235/496XK_P?$autoprodblock$,,Li-Ion,5.0 Ah,XR,M20,DEWALT,Brushless,,,,Yes,75 min,"1/2""",Square Drive Hog Ring,,,,Rubber Overmould Grip,Extending product lifecycles,A brushless electronic motor runs more efficiently than brushed types. This can help reduce the tool&#x27;s energy consumption and improve durability.,3600 bpm,,,Low Battery Indicator,,1 Year Guarantee,406 Nm,DCF921P2T-GB,2500 rpm,2,,,1,1,Cordless,18 V,125 mm,Compact Impact Wrench,,Should the product require repair please visit a store who will arrange the repair.,,,1.7 kg,,,,,,,,,,Stanley Black & Decker,"270 Bath Road, Slough, Berkshire, SL1 4DX",,Stanley Black & Decker,"Black & Decker Strasse, Idstein, 65509, Germany","Support.DEWALT.com, https://www.irwintools.com/submit-request; https://support.blackanddecker.com, support.STANLEYTOOLS.com"
926YM,Erbauer ERI1095IPD 18V Li-Ion EXT Brushless Cordless Impact Wrench - Bare,Erbauer,ERI1095IPD,59.99,GBP,4.4,10,/p/erbauer-eri1095ipd-18v-li-ion-ext-brushless-cordless-impact-wrench-bare/926ym,https://media.screwfix.com/is/image/ae235/926YM_P?$autoprodblock$,Impact Wrenches,Li-Ion,,EXT,M20,Erbauer,Brushless,,,,No,,"1/2""",Square Drive,Brand New,Unused & in original factory/manufacturer condition.,,Soft-Grip Handle,Extending product lifecycles,A brushless electronic motor runs more efficiently than brushed types. This can help reduce the tool&#x27;s energy consumption and improve durability.,0-1000/1700/2900/3700 bpm,,,,,1 Year Guarantee,380 Nm,ERI1095IPD,0-700/1100/1900/2600 rpm,None,,,1,1,Cordless,18 V,130 mm,Impact Wrench,,Should the product require repair please visit a store who will arrange the repair.,,,,1120 g,,,,,,,,,,,,,,
758GE,Milwaukee M18 BIW12-0 18V Li-Ion RedLithium Brushless Cordless Impact Wrench - Bare,Milwaukee,M18 BIW12-0,94.99,GBP,4.7,6,/p/milwaukee-m18-biw12-0-18v-li-ion-redlithium-brushless-cordless-impact-wrench-bare/758ge,https://media.screwfix.com/is/image/ae235/758GE_P?$autoprodblock$,Impact Wrenches,Li-Ion,,RedLithium,M16,Milwaukee,Brushless,,,,No,,"1/2""",Square Drive,,,,Rubber Overmould Grip,Extending product lifecycles,A brushless electronic motor runs more efficiently than brushed types. This can help reduce the tool&#x27;s energy consumption and improve durability.,0-3350 bpm,,,,,1 Year Guarantee,240 Nm,M18 BIW12-0,0-2450 rpm,None,,,1,1,Cordless,18 V,155 mm,Impact Wrench,,Should the product require repair please visit a store who will arrange the repair.,,,,1.4 kg,,,,,,,,,,,,,,
693XJ,Makita DTW190Z 18V Li-Ion LXT  Cordless Impact Wrench  - Bare,Makita,DTW190Z,94.99,GBP,5.0,3,/p/makita-dtw190z-18v-li-ion-lxt-cordless-impact-wrench-bare/693xj,https://media.screwfix.com/is/image/ae235/693XJ_P?$autoprodblock$,Impact Wrenches,Li-Ion,,LXT,"5/8 """,Makita,Brushed,,,,No,,"1/2""",Square Drive,Brand New,Unused & in original factory/manufacturer condition.,,Soft-Grip Handle,Extending product lifecycles,Sharing a battery between tools can make better use of resources.,0-3000 bpm,,,,,1 Year Guarantee,190 Nm,DTW190Z,"0 - 2,300 rpm",None,,,1,1,Cordless,18 V,176 mm,Impact Wrench,,Should the product require repair please visit a store who will arrange the repair.,,,,1.4 kg,,,,,,,,,,,,,,
134GE,Milwaukee M18 FIW2F12-502X FUEL 18V 2 x 5.0Ah Li-Ion RedLithium Brushless Cordless Impact Wrench,Milwaukee,M18 FIW2F12-502X FUEL,298.99,GBP,5.0,1,/p/milwaukee-m18-fiw2f12-502x-fuel-18v-2-x-5-0ah-li-ion-redlithium-brushless-cordless-impact-wrench/134ge,https://media.screwfix.com/is/image/ae235/134GE_P?$autoprodblock$,,Li-Ion,5.0 Ah,RedLithium,"1/2 """,Milwaukee,Brushless,,,,Yes,59 min,"1/2""",Square Drive,Brand New,Unused & in original factory/manufacturer condition.,,Rubber Overmould Grip,Extending product lifecycles,A brushless electronic motor runs more efficiently than brushed types. This can help reduce the tool&#x27;s energy consumption and improve durability.,0-3500 bpm,,,Low Battery Indicator,,1 Year Guarantee,339 Nm,M18 FIW2F12-502X FUEL,0-2400 rpm,2,,,1,1,Cordless,18 V,124 mm,Impact Wrench,,Should the product require repair please visit a store who will arrange the repair.,,,1.8 kg,,,,,,,,,,,,,,,
433FT,Milwaukee M12 IR-201B 12V 1 x 2.0Ah Li-Ion RedLithium  Cordless Sub-Compact Ratchet,Milwaukee,M12 IR-201B,124.99,GBP,4.8,36,/p/milwaukee-m12-ir-201b-12v-1-x-2-0ah-li-ion-redlithium-cordless-sub-compact-ratchet/433ft,https://media.screwfix.com/is/image/ae235/433FT_P?$autoprodblock$,,Li-Ion,2.0 Ah,RedLithium,M16,Milwaukee,Brushed,,,,Yes,40 min,"3/8""",Square Drive,Brand New,Unused & in original factory/manufacturer condition.,,Rubber Overmould Grip,,,,,,Low Battery Indicator,Powered,"3 Year Manufacturer’s Guarantee (Registration Required, T&Cs Apply)",47 Nm,M12 IR-201B,0-250 rpm,1,,,1,1,Cordless,12 V,274 mm,Sub-Compact Ratchet,,Should the product require repair please visit a store who will arrange the repair.,,Paddle Switch,0.9 kg,,,,,,,,,,,,,,,
955XJ,Makita DWR180Z 18V Li-Ion LXT  Cordless Ratchet Wrench - Bare,Makita,DWR180Z,132.99,GBP,5.0,7,/p/makita-dwr180z-18v-li-ion-lxt-cordless-ratchet-wrench-bare/955xj,https://media.screwfix.com/is/image/ae235/955XJ_P?$autoprodblock$,Ratchet Wrenches,Li-Ion,,LXT,"1/2 """,Makita,Brushed,,,,No,,"1/4""",Square Drive,Brand New,Unused & in original factory/manufacturer condition.,,Soft-Grip Handle,Extending product lifecycles,Sharing a battery between tools can make better use of resources.,,,,Low Battery Indicator,Powered,1 Year Guarantee,47.5 Nm,DWR180Z,0-800 rpm,None,,,1,1,Cordless,18 V,350 mm,Ratchet Wrench,,Should the product require repair please visit a store who will arrange the repair.,,Trigger Switch,,1.2 kg,,,,,,,,,,,,,,
231HP,DEWALT DCF902D2-GB 12V 2 x 2.0Ah Li-Ion XR Brushless Cordless Impact Wrench,DEWALT,DCF902D2-GB,184.99,GBP,5.0,12,/p/dewalt-dcf902d2-gb-12v-2-x-2-0ah-li-ion-xr-brushless-cordless-impact-wrench/231hp,https://media.screwfix.com/is/image/ae235/231HP_P?$autoprodblock$,,Li-Ion,2.0 Ah,XR,M14,DEWALT,Brushless,,,,Yes,70 min,"3/8""",Square Drive,Brand New,Unused & in original factory/manufacturer condition.,,Soft-Grip Handle,Extending product lifecycles,A brushless electronic motor runs more efficiently than brushed types. This can help reduce the tool&#x27;s energy consumption and improve durability.,0-3600 bpm,,,Low Battery Indicator,,"3 Year Manufacturer’s Guarantee (Registration Required, T&Cs Apply)",168 Nm,DCF902D2-GB,2850 rpm,2,,,1,1,Cordless,12 V,125 mm,Impact Wrench,,Should the product require repair please visit a store who will arrange the repair.,,,1.2 kg,,,,,,,,,,Stanley Black & Decker,"270 Bath Road, Slough, Berkshire, SL1 4DX",,Stanley Black & Decker,"Black & Decker Strasse, Idstein, 65509, Germany","Support.DEWALT.com, https://www.irwintools.com/submit-request; https://support.blackanddecker.com, support.STANLEYTOOLS.com"
376XK,DEWALT DCF922N-XJ 18V Li-Ion XR Brushless Cordless M20 Detent Pin Compact Impact Wrench - Bare,DEWALT,DCF922N-XJ,164.99,GBP,5.0,3,/p/dewalt-dcf922n-xj-18v-li-ion-xr-brushless-cordless-m20-detent-pin-compact-impact-wrench-bare/376xk,https://media.screwfix.com/is/image/ae235/376XK_P?$autoprodblock$,Impact Wrenches,Li-Ion,,XR,M20,DEWALT,Brushless,,,,No,,"1/2""",Square Drive Detent Pin,,,,Rubber Overmould Grip,Extending product lifecycles,Sharing a battery between tools can make better use of resources.,3600 bpm,,,,,"3 Year Manufacturer’s Guarantee (Registration Required, T&Cs Apply)",406 Nm,DCF922N-XJ,2500 rpm,None,,,1,1,Cordless,18 V,125 mm,M20 Detent Pin Compact Impact Wrench,,Should the product require repair please visit a store who will arrange the repair.,,,,1.1 kg,,,Stanley Black & Decker,"270 Bath Road, Slough, Berkshire, SL1 4DX",,Stanley Black & Decker,"Black & Decker Strasse, Idstein, 65509, Germany","Support.DEWALT.com, https://www.irwintools.com/submit-request; https://support.blackanddecker.com, support.STANLEYTOOLS.com",,,,,,
6697P,Makita DTW1001Z 18V Li-Ion LXT Brushless Cordless Impact Wrench - Bare,Makita,DTW1001Z,279.99,GBP,4.4,5,/p/makita-dtw1001z-18v-li-ion-lxt-brushless-cordless-impact-wrench-bare/6697p,https://media.screwfix.com/is/image/ae235/6697P_P?$autoprodblock$,Impact Wrenches,Li-Ion,,LXT,M30,Makita,Brushless,,,,No,,"3/4""",Square Drive,Brand New,Unused & in original factory/manufacturer condition.,,Rubber-Coated Grip,Extending product lifecycles,Sharing a battery between tools can make better use of resources.,1800 / 2000 / 0-2200 bpm,,,,,1 Year Guarantee,1050 Nm,DTW1001Z,0-900 / 0-1000 / 0-1800 rpm,None,,,1,1,Cordless,18 V,229 mm,Impact Wrench,,Should the product require repair please visit a store who will arrange the repair.,,,,3.7 kg,,,,,,,,,,,,,,
990GE,Milwaukee M12 FIR38-201B FUEL 12V 1 x 2.0Ah Li-Ion RedLithium Brushless Cordless Sub Compact Ratchet,Milwaukee,M12 FIR38-201B FUEL,169.99,GBP,5.0,5,/p/milwaukee-m12-fir38-201b-fuel-12v-1-x-2-0ah-li-ion-redlithium-brushless-cordless-sub-compact-ratchet/990ge,https://media.screwfix.com/is/image/ae235/990GE_P?$autoprodblock$,,Li-Ion,2.0 Ah,RedLithium,"3/8 """,Milwaukee,Brushless,,,,Yes,40 min,"3/8""",Square Drive,,,,Rubber Overmould Grip,Extending product lifecycles,A brushless electronic motor runs more efficiently than brushed types. This can help reduce the tool&#x27;s energy consumption and improve durability.,,,,Low Battery Indicator,Powered,1 Year Guarantee,75 Nm,M12 FIR38-201B FUEL,0-200 rpm,1,,,1,1,Cordless,12 V,281 mm,Sub Compact Ratchet,,Should the product require repair please visit a store who will arrange the repair.,,Trigger Switch,1.7 kg,,,,,,,,,,,,,,,
670XJ,Makita DTW700Z 18V Li-Ion LXT Brushless Cordless Impact Wrench  - Bare,Makita,DTW700Z,259.99,GBP,5.0,1,/p/makita-dtw700z-18v-li-ion-lxt-brushless-cordless-impact-wrench-bare/670xj,https://media.screwfix.com/is/image/ae235/670XJ_P?$autoprodblock$,Impact Wrenches,Li-Ion,,LXT,"1 """,Makita,Brushless,,,,No,,"1/2""",Square Drive Hog Ring,Brand New,Unused & in original factory/manufacturer condition.,,Soft-Grip Handle,Extending product lifecycles,Sharing a battery between tools can make better use of resources.,0-2700/2400/1700/1000 bpm,,,,,1 Year Guarantee,1000 Nm,DTW700Z,"0-2,200/1,900/1,200/500 rpm",None,,,1,1,Cordless,18 V,170 mm,Impact Wrench,,Should the product require repair please visit a store who will arrange the repair.,,,,2.3 kg,,,,,,,,,,,,,,
565GE,Milwaukee M12 FRAIWF38-0 FUEL 12V Li-Ion RedLithium Brushless Cordless Right Angle Impact Wrench - Bare,Milwaukee,M12 FRAIWF38-0 FUEL,129.99,GBP,5.0,1,/p/milwaukee-m12-fraiwf38-0-fuel-12v-li-ion-redlithium-brushless-cordless-right-angle-impact-wrench-bare/565ge,https://media.screwfix.com/is/image/ae235/565GE_P?$autoprodblock$,Impact Wrenches,Li-Ion,,RedLithium,M16,Milwaukee,Brushless,,,,No,,"3/8""",Square Drive,,,,Rubber Overmould Grip,Extending product lifecycles,A brushless electronic motor runs more efficiently than brushed types. This can help reduce the tool&#x27;s energy consumption and improve durability.,0-3600 bpm,,,,,1 Year Guarantee,270 Nm,M12 FRAIWF38-0 FUEL,0-3000 rpm,None,,,1,1,Cordless,12 V,338 mm,Right Angle Impact Wrench,,Should the product require repair please visit a store who will arrange the repair.,,,,1.4 kg,,,,,,,,,,,,,,
899TA,Refurb Milwaukee M18 ONEFHIWF34-502X FUEL 18V 2 x 5.0Ah Li-Ion RedLithium Brushless Cordless ONE-KEY Impact Wrench,Milwaukee,M18 ONEFHIWF34-502X FUEL,303.97,GBP,5.0,2,/p/refurb-milwaukee-m18-onefhiwf34-502x-fuel-18v-2-x-5-0ah-li-ion-redlithium-brushless-cordless-one-key-impact-wrench/899ta,https://media.screwfix.com/is/image/ae235/899TA_P?$autoprodblock$,,Li-Ion,5.0 Ah,RedLithium,"3/4 """,Milwaukee,Brushless,,,,Yes,59 min,"3/4""",Hex / Square Drive,Refurbished,"May have been previously used & show signs of cosmetic wear & tear. Original packaging may be missing or replaced. Supplied in working order, PAT & function tested & with the accessories detailed in the products description.",,Rubber Overmould Grip,Extending product lifecycles,"This second hand tool has been refurbished, repaired and tested. Keeping products in use for longer helps to reduce the overall demand for new products and can also contribute to waste reduction.","0-24,000 bpm",,,Low Battery Indicator,,1 Year Guarantee,1627 Nm,M18 ONEFHIWF34-502X FUEL,0-1800 rpm,2,,,1,1,Cordless,18 V,218 mm,ONE-KEY Impact Wrench,,Should the product require repair please visit a store who will arrange the repair.,,,3.5 kg,,,,,,,,,,,,,,,
765GE,Milwaukee M18 BRAIW-0 18V Li-Ion RedLithium Brushless Cordless Right Angle Impact Wrench - Bare,Milwaukee,M18 BRAIW-0,108.99,GBP,5.0,3,/p/milwaukee-m18-braiw-0-18v-li-ion-redlithium-brushless-cordless-right-angle-impact-wrench-bare/765ge,https://media.screwfix.com/is/image/ae235/765GE_P?$autoprodblock$,Impact Wrenches,Li-Ion,,RedLithium,M18,Milwaukee,Brushless,,,,No,,"3/8""",Square Drive,Brand New,Unused & in original factory/manufacturer condition.,,Rubber Overmould Grip,Extending product lifecycles,A brushless electronic motor runs more efficiently than brushed types. This can help reduce the tool&#x27;s energy consumption and improve durability.,0-3400 bpm,,,,,1 Year Guarantee,76 Nm,M18 BRAIW-0,0-2250 rpm,None,,,1,1,Cordless,18 V,307 mm,Right Angle Impact Wrench,,Should the product require repair please visit a store who will arrange the repair.,,,,1.8 kg,,,,,,,,,,,,,,
820GE,Milwaukee M18 BIW12-202C 18V 2 x 2.0Ah Li-Ion RedLithium Brushless Cordless Impact Wrench,Milwaukee,M18 BIW12-202C,209.99,GBP,5.0,1,/p/milwaukee-m18-biw12-202c-18v-2-x-2-0ah-li-ion-redlithium-brushless-cordless-impact-wrench/820ge,https://media.screwfix.com/is/image/ae235/820GE_P?$autoprodblock$,,Li-Ion,2.0 Ah,RedLithium,M16,Milwaukee,Brushless,,,,Yes,26 min,"1/2""",Square Drive,Brand New,Unused & in original factory/manufacturer condition.,,Rubber Overmould Grip,Extending product lifecycles,A brushless electronic motor runs more efficiently than brushed types. This can help reduce the tool&#x27;s energy consumption and improve durability.,0-3350 bpm,,,Low Battery Indicator,,1 Year Guarantee,240 Nm,M18 BIW12-202C,0-2450 rpm,2,,,1,1,Cordless,18 V,155 mm,Impact Wrench,,Should the product require repair please visit a store who will arrange the repair.,,,1.6 kg,,,,,,,,,,,,,,,
554RL,DEWALT DCF510N-XJ 18V Li-Ion XR Brushless Cordless Sealed Head Ratchet - Bare,DEWALT,DCF510N-XJ,209.99,GBP,4.8,6,/p/dewalt-dcf510n-xj-18v-li-ion-xr-brushless-cordless-sealed-head-ratchet-bare/554rl,https://media.screwfix.com/is/image/ae235/554RL_P?$autoprodblock$,Ratchet Wrenches,Li-Ion,,XR,"3/8-1/2 """,DEWALT,Brushless,,,,No,,"3/8""",Square Drive,Brand New,Unused & in original factory/manufacturer condition.,,Rubber-Coated Grip,Extending product lifecycles,Sharing a battery between tools can make better use of resources.,,,,Low Battery Indicator,Powered,1 Year Guarantee,102 Nm,DCF510N-XJ,300 rpm,None,,,1,1,Cordless,18 V,381 mm,Sealed Head Ratchet,,Should the product require repair please visit a store who will arrange the repair.,,Trigger Switch,,1.2 kg,,,Stanley Black & Decker,"270 Bath Road, Slough, Berkshire, SL1 4DX",,Stanley Black & Decker,"Black & Decker Strasse, Idstein, 65509, Germany","Support.DEWALT.com, https://www.irwintools.com/submit-request; https://support.blackanddecker.com, support.STANLEYTOOLS.com",,,,,,
239GE,Milwaukee M12 FIR38LR-0 FUEL 12V Li-Ion RedLithium Brushless Cordless Extended Reach Ratchet - Bare,Milwaukee,M12 FIR38LR-0 FUEL,168.99,GBP,4.6,5,/p/milwaukee-m12-fir38lr-0-fuel-12v-li-ion-redlithium-brushless-cordless-extended-reach-ratchet-bare/239ge,https://media.screwfix.com/is/image/ae235/239GE_P?$autoprodblock$,Ratchet Wrenches,Li-Ion,,RedLithium,"3/8 """,Milwaukee,Brushless,,,,No,,"3/8""",Square Drive,,,,Rubber Overmould Grip,Extending product lifecycles,A brushless electronic motor runs more efficiently than brushed types. This can help reduce the tool&#x27;s energy consumption and improve durability.,,,,Low Battery Indicator,Powered,1 Year Guarantee,75 Nm,M12 FIR38LR-0 FUEL,0-200 rpm,None,,,1,1,Cordless,12 V,363 mm,Extended Reach Ratchet,,Should the product require repair please visit a store who will arrange the repair.,,Paddle Switch,,1.4 kg,,,,,,,,,,,,,,
774GE,Milwaukee M12 FRAIWF38-622X FUEL 12V 2 x 2.0 / 6.0Ah Li-Ion RedLithium Brushless Cordless 3/8&quot; Right Angle Impact Wrench,Milwaukee,M12 FRAIWF38-622X FUEL,238.99,GBP,5.0,1,/p/milwaukee-m12-fraiwf38-622x-fuel-12v-2-x-2-0-6-0ah-li-ion-redlithium-brushless-cordless-3-8-right-angle-impact-wrench/774ge,https://media.screwfix.com/is/image/ae235/774GE_P?$autoprodblock$,,Li-Ion,2.0 / 6.0 Ah,RedLithium,M16,Milwaukee,Brushless,,,,Yes,120 min,"3/8""",Square Drive,,,,Rubber Overmould Grip,Extending product lifecycles,A brushless electronic motor runs more efficiently than brushed types. This can help reduce the tool&#x27;s energy consumption and improve durability.,0-3600 bpm,,,Low Battery Indicator,,1 Year Guarantee,270 Nm,M12 FRAIWF38-622X FUEL,0-3000 rpm,2,,,1,1,Cordless,12 V,338 mm,"3/8"" Right Angle Impact Wrench",,Should the product require repair please visit a store who will arrange the repair.,,,1.7 kg,,,,,,,,,,,,,,,
963KJ,DEWALT DCF512N-XJ 18V Li-Ion XR Brushless Cordless 1/2&quot; Open Head Ratchet - Bare,DEWALT,DCF512N-XJ,187.99,GBP,5.0,1,/p/dewalt-dcf512n-xj-18v-li-ion-xr-brushless-cordless-1-2-open-head-ratchet-bare/963kj,https://media.screwfix.com/is/image/ae235/963KJ_P?$autoprodblock$,Ratchet Wrenches,Li-Ion,,XR,"1/2 """,DEWALT,Brushless,,,,No,,"1/2""",Square Drive,Brand New,Unused & in original factory/manufacturer condition.,,Rubber Overmould Grip,Extending product lifecycles,Sharing a battery between tools can make better use of resources.,,,,Low Battery Indicator,Powered,1 Year Guarantee,95 Nm,DCF512N-XJ,250 rpm,None,,,1,1,Cordless,18 V,360 mm,"1/2"" Open Head Ratchet",,Should the product require repair please visit a store who will arrange the repair.,,Lock-On Trigger Switch,,1.2 kg,,,Stanley Black & Decker,"270 Bath Road, Slough, Berkshire, SL1 4DX",,Stanley Black & Decker,"Black & Decker Strasse, Idstein, 65509, Germany","Support.DEWALT.com, https://www.irwintools.com/submit-request; https://support.blackanddecker.com, support.STANLEYTOOLS.com",,,,,,
422TJ,Einhell Professional IMPAXXO 18/400 18V Li-Ion Power X-Change Brushless Cordless Impact Wrench - Bare,Einhell Professional,IMPAXXO 18/400,119.98,GBP,5.0,2,/p/einhell-professional-impaxxo-18-400-18v-li-ion-power-x-change-brushless-cordless-impact-wrench-bare/422tj,https://media.screwfix.com/is/image/ae235/422TJ_P?$autoprodblock$,Impact Drivers,Li-Ion,,Power X-Change,"1/2 """,Einhell Professional,Brushless,,,,No,,"1/2""",Hex / Square Drive,,,,Rubber Overmould Grip,Extending product lifecycles,A brushless electronic motor runs more efficiently than brushed types. This can help reduce the tool&#x27;s energy consumption and improve durability.,0-3300 bpm,No,No,,,1 Year Guarantee,400 Nm,IMPAXXO 18/400,0-2100 rpm,None,,,1,1,Cordless,18 V,240 mm,Impact Wrench,,Should the product require repair please visit a store who will arrange the repair.,,,,2 kg,,,Einhell UK,"Champions Business Park, First Floor Unit 10, Arrowe Brook Rd, Wirral, CH49 0AB",https://www.einhell.co.uk/services/contact/,Einhell Germany AG,Einhell Germany AG Wiesenweg 22 94405 Landau/Isar,https://www.einhell.com/services/contact/,,,,,,
486RL,DEWALT DCF900H2T-GB 18V 2 x 5.0Ah Li-Ion PowerStack Brushless Cordless Impact Wrench,DEWALT,DCF900H2T-GB,479.99,GBP,5.0,1,/p/dewalt-dcf900h2t-gb-18v-2-x-5-0ah-li-ion-powerstack-brushless-cordless-impact-wrench/486rl,https://media.screwfix.com/is/image/ae235/486RL_P?$autoprodblock$,,Li-Ion,5.0 Ah,PowerStack,"1/2 """,DEWALT,Brushless,,,,Yes,75 min,"1/2""",Square Drive Hog Ring,,,,Rubber Overmould Grip,Extending product lifecycles,A brushless electronic motor runs more efficiently than brushed types. This can help reduce the tool&#x27;s energy consumption and improve durability.,2200 bpm,,,Low Battery Indicator,,1 Year Guarantee,1898 Nm,DCF900H2T-GB,0-2300 rpm,2,,,1,1,Cordless,18 V,232 mm,Impact Wrench,,Should the product require repair please visit a store who will arrange the repair.,,,2.9 kg,,,,Stanley Black & Decker,"270 Bath Road, Slough, Berkshire, SL1 4DX",,Stanley Black & Decker,"Black & Decker Strasse, Idstein, 65509, Germany","Support.DEWALT.com, https://www.irwintools.com/submit-request; https://support.blackanddecker.com, support.STANLEYTOOLS.com",,,,,,
243FU,DEWALT DCF901P1-GB 12V 1 x 5Ah Li-Ion XR Brushless Cordless Impact Wrench,DEWALT,DCF901P1-GB,239.99,GBP,5.0,1,/p/dewalt-dcf901p1-gb-12v-1-x-5ah-li-ion-xr-brushless-cordless-impact-wrench/243fu,https://media.screwfix.com/is/image/ae235/243FU_P?$autoprodblock$,,Li-Ion,5 Ah,XR,"1/2 """,DEWALT,Brushless,,,,Yes,60 min,"1/2""",Square Drive Hog Ring,Brand New,Unused & in original factory/manufacturer condition.,,Rubber Overmould Grip,Extending product lifecycles,A brushless electronic motor runs more efficiently than brushed types. This can help reduce the tool&#x27;s energy consumption and improve durability.,3250 bpm,,,Low Battery Indicator,,1 Year Guarantee,340 Nm,DCF901P1-GB,2850 rpm,1,,,1,1,Cordless,12 V,132 mm,Impact Wrench,,Should the product require repair please visit a store who will arrange the repair.,,,0.8 kg,,,,Stanley Black & Decker,"270 Bath Road, Slough, Berkshire, SL1 4DX",,Stanley Black & Decker,"Black & Decker Strasse, Idstein, 65509, Germany","Support.DEWALT.com, https://www.irwintools.com/submit-request; https://support.blackanddecker.com, support.STANLEYTOOLS.com",,,,,,
903TN,Milwaukee M18FHIW2F12-0X FUEL 18V Li-Ion RedLithium Brushless Cordless Impact Wrench - Bare,Milwaukee,M18FHIW2F12-0X FUEL,319.99,GBP,5.0,1,/p/milwaukee-m18fhiw2f12-0x-fuel-18v-li-ion-redlithium-brushless-cordless-impact-wrench-bare/903tn,https://media.screwfix.com/is/image/ae235/903TN_P?$autoprodblock$,Impact Wrenches,Li-Ion,,RedLithium,"1/2 """,Milwaukee,Brushless,,,,Yes,,"1/2""",Hex / Square Drive,Brand New,Unused & in original factory/manufacturer condition.,,Rubber Overmould Grip,Extending product lifecycles,Sharing a battery between tools can make better use of resources.,2400 bpm,,,,,"3 Year Manufacturer’s Guarantee (Registration Required, T&Cs Apply)",1491 Nm,M18FHIW2F12-0X FUEL,2000 rpm,None,,,1,1,Cordless,18 V,485 mm,Impact Wrench,,Should the product require repair please visit a store who will arrange the repair.,,,,5.20 kg,,,,,,,,,,,,,,
339CY,Bosch GDS 18V-350 18V Li-Ion AMPShare Brushless Cordless Impact Wrench - Bare,Bosch,GDS 18V-350,159.99,GBP,5.0,1,/p/bosch-gds-18v-350-18v-li-ion-ampshare-brushless-cordless-impact-wrench-bare/339cy,https://media.screwfix.com/is/image/ae235/339CY_P?$autoprodblock$,All-Purpose Saws,Li-Ion,,AMPShare,M18,Bosch,Brushless,,,,No,,"1/2""",Keyless Chuck,,,,Soft-Grip Handle,Extending product lifecycles,Sharing a battery between tools can make better use of resources.,0-3400 bpm,,,,,1 Year Guarantee,350 Nm,GDS 18V-350,0-2300 rpm,None,,,1,1,Cordless,18 V,141 mm,Impact Wrench,Professional,Should the product require repair please visit a store who will arrange the repair.,,,,1.1 kg,,,Robert Bosch Ltd.,"Broadwater Park, North Orbital Road, Uxbridge, UB9 5HJ",,Bosch Power Tools B.V.,"Konijnenberg 60, 4825 BD Breda, Netherlands",,,,,,,
670GE,Milwaukee M12 FHIR14LR-0 FUEL 12V Li-Ion RedLithium Brushless Cordless Extended Reach High Speed Ratchet - Bare,Milwaukee,M12 FHIR14LR-0 FUEL,149.99,GBP,5.0,1,/p/milwaukee-m12-fhir14lr-0-fuel-12v-li-ion-redlithium-brushless-cordless-extended-reach-high-speed-ratchet-bare/670ge,https://media.screwfix.com/is/image/ae235/670GE_P?$autoprodblock$,Impact Wrenches,Li-Ion,,RedLithium,M16,Milwaukee,Brushless,,,,No,,"1/4""",Square Drive,Brand New,Unused & in original factory/manufacturer condition.,,Rubber Overmould Grip,Extending product lifecycles,A brushless electronic motor runs more efficiently than brushed types. This can help reduce the tool&#x27;s energy consumption and improve durability.,,,,Low Battery Indicator,Powered,1 Year Guarantee,47 Nm,M12 FHIR14LR-0 FUEL,0-450 rpm,None,,,1,1,Cordless,12 V,348 mm,Extended Reach High Speed Ratchet,,Should the product require repair please visit a store who will arrange the repair.,,Trigger Switch,,1.1 kg,,,,,,,,,,,,,,
656EN,Milwaukee M12 FCIWF38G3-0 FUEL 12V Li-Ion RedLithium Brushless Cordless Impact Wrench - Bare,Milwaukee,M12 FCIWF38G3-0 FUEL,149.99,GBP,,0,/p/milwaukee-m12-fciwf38g3-0-fuel-12v-li-ion-redlithium-brushless-cordless-impact-wrench-bare/656en,https://media.screwfix.com/is/image/ae235/656EN_P?$autoprodblock$,Impact Wrenches,Li-Ion,,RedLithium,"3/8 """,Milwaukee,Brushless,,,,No,,"3/8""",Keyless Chuck,,,,Rubber Overmould Grip,,,3300 bpm,,,,,"3 Year Manufacturer’s Guarantee (Registration Required, T&Cs Apply)",745 Nm,M12 FCIWF38G3-0 FUEL,3000 rpm,None,,,1,1,Cordless,12 V,228 mm,Impact Wrench,,Should the product require repair please visit a store who will arrange the repair.,,,,1.02 kg,,,,,,,,,,,,,,
787KJ,DEWALT DCF503EN-XJ 12V Li-Ion XR Brushless Cordless 3/8 &quot; Extended Open Head Ratchet - Bare,DEWALT,DCF503EN-XJ,179.95,GBP,5.0,4,/p/dewalt-dcf503en-xj-12v-li-ion-xr-brushless-cordless-3-8-extended-open-head-ratchet-bare/787kj,https://media.screwfix.com/is/image/ae235/787KJ_P?$autoprodblock$,Ratchet Wrenches,Li-Ion,,XR,"3/8 """,DEWALT,Brushless,,,,No,,"3/8""",Square Drive,Brand New,Unused & in original factory/manufacturer condition.,,Rubber Overmould Grip,Extending product lifecycles,Sharing a battery between tools can make better use of resources.,,,,Low Battery Indicator,Powered,1 Year Guarantee,81 Nm,DCF503EN-XJ,250 rpm,None,,,1,1,Cordless,12 V,430 mm,"3/8 "" Extended Open Head Ratchet",,Should the product require repair please visit a store who will arrange the repair.,,Lock-On Trigger Switch,,1.3 kg,,,Stanley Black & Decker,"270 Bath Road, Slough, Berkshire, SL1 4DX",,Stanley Black & Decker,"Black & Decker Strasse, Idstein, 65509, Germany","Support.DEWALT.com, https://www.irwintools.com/submit-request; https://support.blackanddecker.com, support.STANLEYTOOLS.com",,,,,,
191EN,Milwaukee M12 FCIWF12G3-0 FUEL 12V Li-Ion RedLithium Brushless Cordless Impact Wrench  - Bare,Milwaukee,M12 FCIWF12G3-0 FUEL,149.99,GBP,,0,/p/milwaukee-m12-fciwf12g3-0-fuel-12v-li-ion-redlithium-brushless-cordless-impact-wrench-bare/191en,https://media.screwfix.com/is/image/ae235/191EN_P?$autoprodblock$,Impact Wrenches,Li-Ion,,RedLithium,M16,Milwaukee,Brushless,,,,Yes,,"1/2""",Hex / Square Drive,,,,Rubber Overmould Grip,,,3300 bpm,,,,,"3 Year Manufacturer’s Guarantee (Registration Required, T&Cs Apply)",745 Nm,M12 FCIWF12G3-0 FUEL,3000 rpm,None,,,1,1,Cordless,12 V,122 mm,Impact Wrench,,Should the product require repair please visit a store who will arrange the repair.,,,,1 kg,,,,,,,,,,,,,,
888KJ,DEWALT DCF513N-XJ 18V Li-Ion XR Brushless Cordless 3/8&quot; Open Head Ratchet - Bare,DEWALT,DCF513N-XJ,184.65,GBP,4.7,3,/p/dewalt-dcf513n-xj-18v-li-ion-xr-brushless-cordless-3-8-open-head-ratchet-bare/888kj,https://media.screwfix.com/is/image/ae235/888KJ_P?$autoprodblock$,Ratchet Wrenches,Li-Ion,,XR,"3/8 """,DEWALT,Brushless,,,,No,,"3/8""",Square Drive,,,,Rubber Overmould Grip,Extending product lifecycles,Sharing a battery between tools can make better use of resources.,,,,Low Battery Indicator,Powered,1 Year Guarantee,95 Nm,DCF513N-XJ,250 rpm,None,,,1,1,Cordless,18 V,330 mm,"3/8"" Open Head Ratchet",,Should the product require repair please visit a store who will arrange the repair.,,Lock-On Trigger Switch,,1.2 kg,,,Stanley Black & Decker,"270 Bath Road, Slough, Berkshire, SL1 4DX",,Stanley Black & Decker,"Black & Decker Strasse, Idstein, 65509, Germany","Support.DEWALT.com, https://www.irwintools.com/submit-request; https://support.blackanddecker.com, support.STANLEYTOOLS.com",,,,,,
675XK,DEWALT DCF892P2T-GB 18V 2 x 5.0Ah Li-Ion XR Brushless Cordless Impact Wrench,DEWALT,DCF892P2T-GB,368.99,GBP,4.7,3,/p/dewalt-dcf892p2t-gb-18v-2-x-5-0ah-li-ion-xr-brushless-cordless-impact-wrench/675xk,https://media.screwfix.com/is/image/ae235/675XK_P?$autoprodblock$,,Li-Ion,5.0 Ah,XR,M24,DEWALT,Brushless,,,,Yes,75 min,"1/2""",Square Drive Detent Pin,Brand New,Unused & in original factory/manufacturer condition.,,Rubber Overmould Grip,Extending product lifecycles,A brushless electronic motor runs more efficiently than brushed types. This can help reduce the tool&#x27;s energy consumption and improve durability.,3250 bpm,,,Low Battery Indicator,,"3 Year Manufacturer’s Guarantee (Registration Required, T&Cs Apply)",812 Nm,DCF892P2T-GB,2000 rpm,2,,,1,1,Cordless,18 V,175 mm,Impact Wrench,,Should the product require repair please visit a store who will arrange the repair.,,,2.3 kg,,,,,,,,,,Stanley Black & Decker,"270 Bath Road, Slough, Berkshire, SL1 4DX",,Stanley Black & Decker,"Black & Decker Strasse, Idstein, 65509, Germany","Support.DEWALT.com, https://www.irwintools.com/submit-request; https://support.blackanddecker.com, support.STANLEYTOOLS.com"
395AJ,Makita TW003G 40V Li-Ion Max XGT Brushless Cordless Impact Wrench - Bare,Makita,TW003G,279.99,GBP,5.0,1,/p/makita-tw003g-40v-li-ion-max-xgt-brushless-cordless-impact-wrench-bare/395aj,https://media.screwfix.com/is/image/ae235/395AJ_P?$autoprodblock$,Impact Wrenches,Li-Ion,,Max XGT,"1/2 """,Makita,Brushless,,,,Yes,,"1/2""",Square Drive Detent Pin,,,,Soft-Grip Rubber Handle,,,2400 bpm,,,,,1 Year Guarantee,1600 Nm,TW003G,1800 m/min,None,,,1,1,Cordless,40 V,213 mm,Impact Wrench,,Should the product require repair please visit a store who will arrange the repair.,,,,3.1 kg,,,,,,,,,,,,,,
452CX,Milwaukee M12FPTR-0 FUEL INSIDER 12V Li-Ion RedLithium Brushless Cordless Pass-Through Ratchet - Bare,Milwaukee,M12FPTR-0 FUEL INSIDER,269.99,GBP,5.0,3,/p/milwaukee-m12fptr-0-fuel-insider-12v-li-ion-redlithium-brushless-cordless-pass-through-ratchet-bare/452cx,https://media.screwfix.com/is/image/ae235/452CX_P?$autoprodblock$,Jigsaws,Li-Ion,,RedLithium,"1/4 """,Milwaukee,Brushless,,,,No,,"1/4""",Hex Tool Holder,,,,Rubber Overmould Grip,Extending product lifecycles,Sharing a battery between tools can make better use of resources.,,,,Low Battery Indicator,Powered,"3 Year Manufacturer’s Guarantee (Registration Required, T&Cs Apply)",81 Nm,M12FPTR-0 FUEL INSIDER,350 rpm,None,,,1,1,Cordless,12 V,386 mm,Pass-Through Ratchet,,Should the product require repair please visit a store who will arrange the repair.,,Trigger Switch,,1 kg,,,,,,,,,Techtronic Industries (UK) Ltd,"Techtronic Industries (UK) Ltd, Parkway , Marlow, Buckinghamshire, SL7 1YL",Techtronic Industries (UK) Ltd Parkway Marlow SL7 1YL UK,Techtronic Industries GmbH,"Techtronic Industries GmbH, Max-Eyth-Str. 10, Winnenden, 71364, Germany","Techtronic Industries GmbH, Max-Eyth-Str. 10, 71364, Winnenden, Germany"
555XJ,Makita DTW181Z 18V Li-Ion LXT Brushless Cordless Impact Wrench - Bare,Makita,DTW181Z,124.99,GBP,3.0,4,/p/makita-dtw181z-18v-li-ion-lxt-brushless-cordless-impact-wrench-bare/555xj,https://media.screwfix.com/is/image/ae235/555XJ_P?$autoprodblock$,Impact Wrenches,Li-Ion,,LXT,"5/8 """,Makita,Brushless,,,,No,,"1/2""",Hex / Square Drive,Brand New,Unused & in original factory/manufacturer condition.,,Soft-Grip Handle,Extending product lifecycles,Sharing a battery between tools can make better use of resources.,0-3600 bpm,,,,,1 Year Guarantee,330 Nm,DTW181Z,"0 - 2,400 rpm",None,,,1,1,Cordless,18 V,151 mm,Impact Wrench,,Should the product require repair please visit a store who will arrange the repair.,,,,1.2 kg,,,,,,,,,,,,,,
828KJ,DEWALT DCF512D1-GB 18V 1 x 2.0Ah Li-Ion XR Brushless Cordless Open Head Ratchet,DEWALT,DCF512D1-GB,239.95,GBP,5.0,3,/p/dewalt-dcf512d1-gb-18v-1-x-2-0ah-li-ion-xr-brushless-cordless-open-head-ratchet/828kj,https://media.screwfix.com/is/image/ae235/828KJ_P?$autoprodblock$,,Li-Ion,2.0 Ah,XR,"1/2 """,DEWALT,Brushless,,,,Yes,1 hr,"1/2""",Square Drive,Brand New,Unused & in original factory/manufacturer condition.,,Rubber Overmould Grip,Extending product lifecycles,A brushless electronic motor runs more efficiently than brushed types. This can help reduce the tool&#x27;s energy consumption and improve durability.,,,,Low Battery Indicator,Powered,1 Year Guarantee,95 Nm,DCF512D1-GB,250 rpm,1,,,1,1,Cordless,18 V,360 mm,Open Head Ratchet,,Should the product require repair please visit a store who will arrange the repair.,,Lock-On Trigger Switch,1.5 kg,,,,Stanley Black & Decker,"270 Bath Road, Slough, Berkshire, SL1 4DX",,Stanley Black & Decker,"Black & Decker Strasse, Idstein, 65509, Germany","Support.DEWALT.com, https://www.irwintools.com/submit-request; https://support.blackanddecker.com, support.STANLEYTOOLS.com",,,,,,
700VN,DEWALT DCF900P2T-GB 18V 2 x 5.0Ah Li-Ion XR Brushless Cordless 1/2&quot; Hog Ring High Torque Impact Wrench,DEWALT,DCF900P2T-GB,374.99,GBP,,0,/p/dewalt-dcf900p2t-gb-18v-2-x-5-0ah-li-ion-xr-brushless-cordless-1-2-hog-ring-high-torque-impact-wrench/700vn,https://media.screwfix.com/is/image/ae235/700VN_P?$autoprodblock$,,Li-Ion,5.0 Ah,XR,M30,DEWALT,Brushless,,,,Yes,75 min,"1/2""",Square Drive Hog Ring,,,,Rubber Overmould Grip,Extending product lifecycles,A brushless electronic motor runs more efficiently than brushed types. This can help reduce the tool&#x27;s energy consumption and improve durability.,0-2200 bpm,,,Low Battery Indicator,,1 Year Guarantee,1396 Nm,DCF900P2T-GB,0-2300 rpm,2,,,1,1,Cordless,18 V,232 mm,"1/2"" Hog Ring High Torque Impact Wrench",,Should the product require repair please visit a store who will arrange the repair.,,,2.9 kg,,,,Stanley Black & Decker,"270 Bath Road, Slough, Berkshire, SL1 4DX",,Stanley Black & Decker,"Black & Decker Strasse, Idstein, 65509, Germany","Support.DEWALT.com, https://www.irwintools.com/submit-request; https://support.blackanddecker.com, support.STANLEYTOOLS.com",,,,,,
740VN,DEWALT DCF964N-XJ 18V Li-Ion XR Brushless Cordless High Torque Impact Wrench - Bare,DEWALT,DCF964N-XJ,349.99,GBP,,0,/p/dewalt-dcf964n-xj-18v-li-ion-xr-brushless-cordless-high-torque-impact-wrench-bare/740vn,https://media.screwfix.com/is/image/ae235/740VN_P?$autoprodblock$,Impact Wrenches,Li-Ion,,XR,M36,DEWALT,Brushless,,,,No,,"3/4""",Square Drive Hog Ring,Brand New,Unused & in original factory/manufacturer condition.,,Rubber Overmould Grip,Extending product lifecycles,Sharing a battery between tools can make better use of resources.,0-2015 bpm,,,,,1 Year Guarantee,1925 Nm,DCF964N-XJ,0-440/575/1200 rpm,None,,,1,1,Cordless,18 V,223 mm,High Torque Impact Wrench,,Should the product require repair please visit a store who will arrange the repair.,,,,3.7 kg,,,Stanley Black & Decker,"270 Bath Road, Slough, Berkshire, SL1 4DX",,Stanley Black & Decker,"Black & Decker Strasse, Idstein, 65509, Germany","Support.DEWALT.com, https://www.irwintools.com/submit-request; https://support.blackanddecker.com, support.STANLEYTOOLS.com",,,,,,
211EK,DEWALT DCF923N-XJ 18V Li-Ion XR Brushless Cordless Compact Impact Wrench - Bare,DEWALT,DCF923N-XJ,179.99,GBP,,0,/p/dewalt-dcf923n-xj-18v-li-ion-xr-brushless-cordless-compact-impact-wrench-bare/211ek,https://media.screwfix.com/is/image/ae235/211EK_P?$autoprodblock$,Impact Wrenches,Li-Ion,,XR,"5/8 """,DEWALT,Brushless,,,,No,,"3/8""",Square Drive Hog Ring,,,,Without Handle,,,0-3350 bpm,,,,,"3 Year Manufacturer’s Guarantee (Registration Required, T&Cs Apply)",610 Nm,DCF923N-XJ,0–2500 rpm,None,,,1,1,Cordless,18 V,126 mm,Compact Impact Wrench,,Should the product require repair please visit a store who will arrange the repair.,,,,1.1 kg,,,Stanley Black & Decker,"270 Bath Road
, Slough
, Berkshire
, SL1 4DX",,Stanley Black & Decker,"Black & Decker Strasse
, Idstein
, 65509
, Germany","Support.DEWALT.com, https://www.irwintools.com/submit-request; https://support.blackanddecker.com, support.STANLEYTOOLS.com",,,,,,
747EN,Milwaukee M12 FCIWF12G3-502X FUEL 12V 2 x 5.0Ah Li-Ion RedLithium High Output Brushless Cordless Impact Wrench,Milwaukee,M12 FCIWF12G3-502X FUEL,309.99,GBP,,0,/p/milwaukee-m12-fciwf12g3-502x-fuel-12v-2-x-5-0ah-li-ion-redlithium-high-output-brushless-cordless-impact-wrench/747en,https://media.screwfix.com/is/image/ae235/747EN_P?$autoprodblock$,,Li-Ion,5.0 Ah,RedLithium High Output,M16,Milwaukee,Brushless,,,,Yes,75 min,"1/2""",Hex / Square Drive,,,,Rubber Overmould Grip,,,3300 bpm,,,Low Battery Indicator,,"3 Year Manufacturer’s Guarantee (Registration Required, T&Cs Apply)",745 Nm,M12 FCIWF12G3-502X FUEL,3000 rpm,2,,,1,1,Cordless,12 V,122 mm,Impact Wrench,,Should the product require repair please visit a store who will arrange the repair.,,,1.5 kg,,,,,,,,,,,,,,,
571EN,Milwaukee M18BLHIWF12-0X 18V Li-Ion RedLithium Brushless Cordless Impact Wrench - Bare,Milwaukee,M18BLHIWF12-0X,209.99,GBP,,0,/p/milwaukee-m18blhiwf12-0x-18v-li-ion-redlithium-brushless-cordless-impact-wrench-bare/571en,https://media.screwfix.com/is/image/ae235/571EN_P?$autoprodblock$,Impact Wrenches,Li-Ion,,RedLithium,"1/2 """,Milwaukee,Brushless,,,,Yes,,"1/2""",Keyless Chuck,,,,Rubber Overmould Grip,,,2000 bpm,,,,,"3 Year Manufacturer’s Guarantee (Registration Required, T&Cs Apply)",1627 Nm,M18BLHIWF12-0X,1750 rpm,None,,,1,1,Cordless,18 V,222 mm,Impact Wrench,,Should the product require repair please visit a store who will arrange the repair.,,,,2.7 kg,,,,,,,,,,,,,,
242RL,DEWALT DCF891H2T-GB 18V 2 x 5.0Ah Li-Ion PowerStack Brushless Cordless Impact Wrench,DEWALT,DCF891H2T-GB,150.0,GBP,,0,/p/dewalt-dcf891h2t-gb-18v-2-x-5-0ah-li-ion-powerstack-brushless-cordless-impact-wrench/242rl,https://media.screwfix.com/is/image/ae235/242RL_P?$autoprodblock$,,Li-Ion,5.0 Ah,PowerStack,"1/2 """,DEWALT,Brushless,,,,Yes,75 min,"1/2""",Square Drive Hog Ring,,,,Rubber Overmould Grip,Extending product lifecycles,A brushless electronic motor runs more efficiently than brushed types. This can help reduce the tool&#x27;s energy consumption and improve durability.,0-3250 bpm,,,Low Battery Indicator,,1 Year Guarantee,1084 Nm,DCF891H2T-GB,0-2000 rpm,2,,,1,1,Cordless,18 V,175 mm,Impact Wrench,,Should the product require repair please visit a store who will arrange the repair.,,,1.6 kg,,,,Stanley Black & Decker,"270 Bath Road, Slough, Berkshire, SL1 4DX",,Stanley Black & Decker,"Black & Decker Strasse, Idstein, 65509, Germany","Support.DEWALT.com, https://www.irwintools.com/submit-request; https://support.blackanddecker.com, support.STANLEYTOOLS.com",,,,,,
511EU,Milwaukee M18 ONEFHIWF1-0 FUEL 18V Li-Ion RedLithium Brushless Cordless Impact Wrench With ONE-KEY - Bare,Milwaukee,M18 ONEFHIWF1-0 FUEL,399.99,GBP,,0,/p/milwaukee-m18-onefhiwf1-0-fuel-18v-li-ion-redlithium-brushless-cordless-impact-wrench-with-one-key-bare/511eu,https://media.screwfix.com/is/image/ae235/511EU_P?$autoprodblock$,Impact Wrenches,Li-Ion,,RedLithium,"1 """,Milwaukee,Brushless,,,,No,,"1""",Keyless Chuck,,,,Rubber Overmould Grip,,,2500 bpm,,,,,"3 Year Manufacturer’s Guarantee (Registration Required, T&Cs Apply)",2400 Nm,M18 ONEFHIWF1-0 FUEL,1670 rpm,None,,,1,1,Cordless,18 V,314 mm,Impact Wrench With ONE-KEY,,Should the product require repair please visit a store who will arrange the repair.,,,,4.1 kg,,,,,,,,,,,,,,
656XJ,Makita DTW701Z 18V Li-Ion LXT Brushless Cordless Impact Wrench  - Bare,Makita,DTW701Z,284.99,GBP,3.0,2,/p/makita-dtw701z-18v-li-ion-lxt-brushless-cordless-impact-wrench-bare/656xj,https://media.screwfix.com/is/image/ae235/656XJ_P?$autoprodblock$,Impact Wrenches,Li-Ion,,LXT,"1 """,Makita,Brushless,,,,No,,"1/2""",Square Drive Detent Pin,Brand New,Unused & in original factory/manufacturer condition.,,Soft-Grip Handle,Extending product lifecycles,A brushless electronic motor runs more efficiently than brushed types. This can help reduce the tool&#x27;s energy consumption and improve durability.,0-2700/2400/1700/1000 bpm,,,,,1 Year Guarantee,1000 Nm,DTW701Z,"0-2,200/1.900/1,200/500 rpm",None,,,1,1,Cordless,18 V,170 mm,Impact Wrench,,Should the product require repair please visit a store who will arrange the repair.,,,,2.3 kg,,,,,,,,,,,,,,
134CP,Einhell Professional TP-CW 18/750-C Li BL 18V Li-Ion Power X-Change Brushless Cordless Impact Wrench - Bare,Einhell Professional,TP-CW 18/750-C Li BL,169.99,GBP,,0,/p/einhell-professional-tp-cw-18-750-c-li-bl-18v-li-ion-power-x-change-brushless-cordless-impact-wrench-bare/134cp,https://media.screwfix.com/is/image/ae235/134CP_P?$autoprodblock$,Impact Wrenches,Li-Ion,,Power X-Change,M22,Einhell Professional,Brushless,,,,No,,"1/2""",Square Drive,,,,Without Handle,Extending product lifecycles,Sharing a battery between tools can make better use of resources.,2700 bpm,,,,,1 Year Guarantee,750 Nm,TP-CW 18/750-C Li BL,2400 m/min,None,,,1,1,Cordless,18 V,175 mm,Impact Wrench,,Should the product require repair please visit a store who will arrange the repair.,,,,1.78 kg,,,Einhell UK,"Champions Business Park, First Floor Unit 10, Wirral, Upton, CH49 0AB",,Einhell,,,,,,,,
721XK,DEWALT DCF922D2T-GB 18V 2 x 2.0Ah Li-Ion XR Brushless Cordless Compact Impact Wrench,DEWALT,DCF922D2T-GB,249.98,GBP,,0,/p/dewalt-dcf922d2t-gb-18v-2-x-2-0ah-li-ion-xr-brushless-cordless-compact-impact-wrench/721xk,https://media.screwfix.com/is/image/ae235/721XK_P?$autoprodblock$,,Li-Ion,2.0 Ah,XR,M20,DEWALT,Brushless,,,,Yes,60 min,"1/2""",Square Drive Detent Pin,,,,Rubber Overmould Grip,Extending product lifecycles,A brushless electronic motor runs more efficiently than brushed types. This can help reduce the tool&#x27;s energy consumption and improve durability.,3600 bpm,,,Low Battery Indicator,,"3 Year Manufacturer’s Guarantee (Registration Required, T&Cs Apply)",406 Nm,DCF922D2T-GB,2500 rpm,2,,,1,1,Cordless,18 V,125 mm,Compact Impact Wrench,,Should the product require repair please visit a store who will arrange the repair.,,,1.5 kg,,,,Stanley Black & Decker,"270 Bath Road, Slough, Berkshire, SL1 4DX",,Stanley Black & Decker,"Black & Decker Strasse, Idstein, 65509, Germany","Support.DEWALT.com, https://www.irwintools.com/submit-request; https://support.blackanddecker.com, support.STANLEYTOOLS.com",,,,,,
668EN,Milwaukee M12 FCIWF38G3-502X FUEL 12V 2 x 5.0Ah Li-Ion RedLithium High Output Brushless Cordless Impact Wrench,Milwaukee,M12 FCIWF38G3-502X FUEL,319.97,GBP,,0,/p/milwaukee-m12-fciwf38g3-502x-fuel-12v-2-x-5-0ah-li-ion-redlithium-high-output-brushless-cordless-impact-wrench/668en,https://media.screwfix.com/is/image/ae235/668EN_P?$autoprodblock$,,Li-Ion,5.0 Ah,RedLithium High Output,"3/8 """,Milwaukee,Brushless,,,,Yes,75 min,"3/8""",Keyless Chuck,,,,Rubber Overmould Grip,,,3300 bpm,,,Low Battery Indicator,,"3 Year Manufacturer’s Guarantee (Registration Required, T&Cs Apply)",745 Nm,M12 FCIWF38G3-502X FUEL,3000 rpm,2,,,1,1,Cordless,12 V,475 mm,Impact Wrench,,Should the product require repair please visit a store who will arrange the repair.,,,1.5 kg,,,,,,,,,,,,,,,
874EN,Milwaukee M12 FSCIWF38-0 FUEL 12V Li-Ion RedLithium Brushless Cordless Impact Wrench - Bare,Milwaukee,M12 FSCIWF38-0 FUEL,149.99,GBP,,0,/p/milwaukee-m12-fsciwf38-0-fuel-12v-li-ion-redlithium-brushless-cordless-impact-wrench-bare/874en,https://media.screwfix.com/is/image/ae235/874EN_P?$autoprodblock$,Impact Wrenches,Li-Ion,,RedLithium,"3/8 """,Milwaukee,Brushless,,,,No,,"3/8""",Square Drive Hog Ring,,,,Rubber Overmould Grip,,,3600 bpm,,,,,"3 Year Manufacturer’s Guarantee (Registration Required, T&Cs Apply)",305 Nm,M12 FSCIWF38-0 FUEL,3400 rpm,None,,,1,1,Cordless,12 V,114 mm,Impact Wrench,,Should the product require repair please visit a store who will arrange the repair.,,,,0.71 kg,,,,,,,,,,,,,,
219FU,Refurb Erbauer ERH12-Li 1.7kg 12V Li-Ion EXT Brushless Cordless SDS Hammer Drill - Bare,Erbauer,ERH12-Li,47.99,GBP,5.0,3,/p/refurb-erbauer-erh12-li-1-7kg-12v-li-ion-ext-brushless-cordless-sds-hammer-drill-bare/219fu,https://media.screwfix.com/is/image/ae235/219FU_P?$autoprodblock$,SDS Drills,Li-Ion,,EXT,,Erbauer,Brushless,16 mm,10 mm,13 mm,No,,,,Refurbished,"May have been previously used & show signs of cosmetic wear & tear. Original packaging may be missing or replaced. Supplied in working order, PAT & function tested & with the accessories detailed in the products description.",1.1 J,Rubber Overmould Grip,Extending product lifecycles,"This second hand tool has been refurbished, repaired and tested. Keeping products in use for longer helps to reduce the overall demand for new products and can also contribute to waste reduction.",0-5300 bpm,,,,,1 Year Guarantee,,ERH12-Li,0-1100 rpm,None,2-Function,Overload Protection,1,1,Cordless,12 V,315 mm,SDS Hammer Drill,,Should the product require repair please visit a store who will arrange the repair.,SDS Plus,Trigger Switch,,1.7 kg,15.2 m/s²,No Anti-Vibration System,,,,,,,Kingfisher International Products Limited,"1 Paddington Square, London, W2 1GG",www.kingfisher.com/products,Kingfisher International Products B.V.,"Rapenburgerstraat 175E, 1011 VM Amsterdam, 1011, Netherlands",www.kingfisher.com/products
455CX,Milwaukee M18FHIW2F12-502X FUEL 18V 2 x 5.0Ah Li-Ion RedLithium Brushless Cordless Impact Wrench,Milwaukee,M18FHIW2F12-502X FUEL,479.99,GBP,,0,/p/milwaukee-m18fhiw2f12-502x-fuel-18v-2-x-5-0ah-li-ion-redlithium-brushless-cordless-impact-wrench/455cx,https://media.screwfix.com/is/image/ae235/455CX_P?$autoprodblock$,,Li-Ion,5.0 Ah,RedLithium,"1/2 """,Milwaukee,Brushless,,,,Yes,1 hr,"1/2""",Hex / Square Drive,,,,Rubber Overmould Grip,,,2400 bpm,,,Low Battery Indicator,,"3 Year Manufacturer’s Guarantee (Registration Required, T&Cs Apply)",1491 Nm,M18FHIW2F12-502X FUEL,2000 rpm,2,,,1,1,Cordless,18 V,474 mm,Impact Wrench,,Should the product require repair please visit a store who will arrange the repair.,,,7.77 kg,,,,,,,,,,,,,,,
235GE,Milwaukee M18 ONEFHIWH716 FUEL 18V 2 x 5.0Ah Li-Ion RedLithium Brushless Cordless One-Key Impact Wrench,Milwaukee,M18 ONEFHIWH716 FUEL,180.0,GBP,,0,/p/milwaukee-m18-onefhiwh716-fuel-18v-2-x-5-0ah-li-ion-redlithium-brushless-cordless-one-key-impact-wrench/235ge,https://media.screwfix.com/is/image/ae235/235GE_P?$autoprodblock$,,Li-Ion,5.0 Ah,RedLithium,"7/16 """,Milwaukee,Brushless,,,,Yes,59 min,"7/16""",Keyless Chuck,,,,Rubber Overmould Grip,Extending product lifecycles,A brushless electronic motor runs more efficiently than brushed types. This can help reduce the tool&#x27;s energy consumption and improve durability.,0-2800 bpm,,,Low Battery Indicator,,1 Year Guarantee,1017 Nm,M18 ONEFHIWH716 FUEL,0-2300 rpm,2,,,1,1,Cordless,18 V,208 mm,One-Key Impact Wrench,,Should the product require repair please visit a store who will arrange the repair.,,,3.3 kg,,,,,,,,,,,,,,,
505GE,Milwaukee M18 FMTIW2F38-502X 18V 2 x 5.0Ah Li-Ion RedLithium Brushless Cordless Impact Wrench,Milwaukee,M18 FMTIW2F38-502X,328.99,GBP,,0,/p/milwaukee-m18-fmtiw2f38-502x-18v-2-x-5-0ah-li-ion-redlithium-brushless-cordless-impact-wrench/505ge,https://media.screwfix.com/is/image/ae235/505GE_P?$autoprodblock$,,Li-Ion,5.0 Ah,RedLithium,M22,Milwaukee,Brushless,,,,Yes,59 min,"3/8""",Hex / Square Drive,Brand New,Unused & in original factory/manufacturer condition.,,Rubber Overmould Grip,Extending product lifecycles,A brushless electronic motor runs more efficiently than brushed types. This can help reduce the tool&#x27;s energy consumption and improve durability.,0-3100 bpm,,,Low Battery Indicator,,1 Year Guarantee,745 Nm,M18 FMTIW2F38-502X,0-1325 rpm,2,,,1,1,Cordless,18 V,152 mm,Impact Wrench,,Should the product require repair please visit a store who will arrange the repair.,,,2.3 kg,,,,,,,,,,,,,,,
647EK,DEWALT  DCF961N-XJ 18V Li-Ion XR Brushless Cordless Impact Wrench - Bare,DEWALT,DCF961N-XJ,284.99,GBP,,0,/p/dewalt-dcf961n-xj-18v-li-ion-xr-brushless-cordless-impact-wrench-bare/647ek,https://media.screwfix.com/is/image/ae235/647EK_P?$autoprodblock$,Impact Wrenches,Li-Ion,,XR,M24,DEWALT,Brushless,,,,No,,"1/2""",Square Drive Hog Ring,,,,Rubber Overmould Grip,,,0-1890 bpm,,,,,"3 Year Manufacturer’s Guarantee (Registration Required, T&Cs Apply)",1626 Nm,DCF961N-XJ,0-440/0-800/0-1200 rpm,None,,,1,1,Cordless,18 V,213 mm,Impact Wrench,,Should the product require repair please visit a store who will arrange the repair.,,,,3.5 kg,,,Stanley Black & Decker,"270 Bath Road, Slough, Berkshire, SL1 4DX",,Stanley Black & Decker,"Black & Decker Strasse, Idstein, 65509, Germany","Support.DEWALT.com, https://www.irwintools.com/submit-request; https://support.blackanddecker.com, support.STANLEYTOOLS.com",,,,,,
426EN,Milwaukee M12 FSCIWF14-0 FUEL 12V Li-Ion RedLithium Brushless Cordless Impact Wrench - Bare,Milwaukee,M12 FSCIWF14-0 FUEL,149.99,GBP,,0,/p/milwaukee-m12-fsciwf14-0-fuel-12v-li-ion-redlithium-brushless-cordless-impact-wrench-bare/426en,https://media.screwfix.com/is/image/ae235/426EN_P?$autoprodblock$,Impact Wrenches,Li-Ion,,RedLithium,M12,Milwaukee,Brushless,,,,No,,"1/4""",Square Drive,,,,Rubber Overmould Grip,,,4400 bpm,,,,,"3 Year Manufacturer’s Guarantee (Registration Required, T&Cs Apply)",136 Nm,M12 FSCIWF14-0 FUEL,3800 rpm,None,,,1,1,Cordless,12 V,112 mm,Impact Wrench,,Should the product require repair please visit a store who will arrange the repair.,,,,0.86 kg,,,,,,,,,,,,,,
333AW,Bosch Expert EXDX18V-210 18V Li-Ion AMPShare Brushless Cordless Impact Driver / Wrench - Bare,Bosch,Expert EXDX18V-210,249.99,GBP,,0,/p/bosch-expert-exdx18v-210-18v-li-ion-ampshare-brushless-cordless-impact-driver-wrench-bare/333aw,https://media.screwfix.com/is/image/ae235/333AW_P?$autoprodblock$,Impact Wrenches,Li-Ion,,AMPShare,"1/4 """,Bosch,Brushless,,,,Yes,,"1/4 or 1/2""",Hex / Square Drive,,,,Rubber-Grip Handle,,,4100 bpm,,,,,"3 Year Manufacturer’s Guarantee (Registration Required, T&Cs Apply)",210 Nm,Expert EXDX18V-210,3400 rpm,None,,,1,1,Cordless,18 V,147 mm,Impact Driver / Wrench,,Should the product require repair please visit a store who will arrange the repair.,,,,1.2 kg,,,,,,,,,,,,,,
960EN,Milwaukee M12 FSCIWF38-252X FUEL 12V 2 x 2.5Ah Li-Ion RedLithium High Output Brushless Cordless Impact Wrench,Milwaukee,M12 FSCIWF38-252X FUEL,239.99,GBP,,0,/p/milwaukee-m12-fsciwf38-252x-fuel-12v-2-x-2-5ah-li-ion-redlithium-high-output-brushless-cordless-impact-wrench/960en,https://media.screwfix.com/is/image/ae235/960EN_P?$autoprodblock$,,Li-Ion,2.5 Ah,RedLithium High Output,"3/8 """,Milwaukee,Brushless,,,,Yes,40 min,"3/8""",Square Drive Hog Ring,,,,Rubber Overmould Grip,,,3600 bpm,,,Low Battery Indicator,,"3 Year Manufacturer’s Guarantee (Registration Required, T&Cs Apply)",305 Nm,M12 FSCIWF38-252X FUEL,3400 rpm,2,,,1,1,Cordless,12 V,114 mm,Impact Wrench,,Should the product require repair please visit a store who will arrange the repair.,,,0.91 kg,,,,,,,,,,,,,,,
494EN,Milwaukee M12 FSCIWF14-252X FUEL 12V 2 x 30Wh Li-Ion RedLithium Brushless Cordless Impact Wrench,Milwaukee,M12 FSCIWF14-252X FUEL,224.99,GBP,,0,/p/milwaukee-m12-fsciwf14-252x-fuel-12v-2-x-30wh-li-ion-redlithium-brushless-cordless-impact-wrench/494en,https://media.screwfix.com/is/image/ae235/494EN_P?$autoprodblock$,,Li-Ion,30 Wh,RedLithium,M12,Milwaukee,Brushless,,,,Yes,55 min,"1/4""",Square Drive,,,,Rubber Overmould Grip,,,4400 bpm,,,Low Battery Indicator,,"3 Year Manufacturer’s Guarantee (Registration Required, T&Cs Apply)",136 Nm,M12 FSCIWF14-252X FUEL,3800 rpm,2,,,1,1,Cordless,12 V,112 mm,Impact Wrench,,Should the product require repair please visit a store who will arrange the repair.,,,0.86 kg,,,,,,,,,,,,,,,
991GE,Milwaukee M12 ONEFTR38-0 FUEL 12V Li-Ion RedLithium Brushless Cordless ONE-KEY 3/8&quot; Digital Torque Wrench - Bare,Milwaukee,M12 ONEFTR38-0 FUEL,180.0,GBP,,0,/p/milwaukee-m12-oneftr38-0-fuel-12v-li-ion-redlithium-brushless-cordless-one-key-3-8-digital-torque-wrench-bare/991ge,https://media.screwfix.com/is/image/ae235/991GE_P?$autoprodblock$,Impact Wrenches,Li-Ion,,RedLithium,M16,Milwaukee,Brushless,,,,Yes,,"3/8""",Square Drive,,,,Rubber Overmould Grip,Extending product lifecycles,A brushless electronic motor runs more efficiently than brushed types. This can help reduce the tool&#x27;s energy consumption and improve durability.,,,,Low Battery Indicator,Powered,1 Year Guarantee,135.6 Nm,M12 ONEFTR38-0 FUEL,0-100 rpm,None,,,1,1,Cordless,12 V,591.8 mm,"ONE-KEY 3/8"" Digital Torque Wrench",,Should the product require repair please visit a store who will arrange the repair.,,Paddle Switch,,2.2 kg,,,,,,,,,,,,,,
304AJ,Makita TW002G 40V Li-Ion Max XGT Brushless Cordless Impact Wrench - Bare,Makita,TW002G,279.99,GBP,,0,/p/makita-tw002g-40v-li-ion-max-xgt-brushless-cordless-impact-wrench-bare/304aj,https://media.screwfix.com/is/image/ae235/304AJ_P?$autoprodblock$,Impact Wrenches,Li-Ion,,Max XGT,"1/2 """,Makita,Brushless,,,,Yes,,"1/2""",Square Drive,Brand New,Unused & in original factory/manufacturer condition.,,Soft-Grip Rubber Handle,,,2400 bpm,,,,,1 Year Guarantee,2200 Nm,TW002G,1800 m/min,None,,,1,1,Cordless,40 V,213 mm,Impact Wrench,,Should the product require repair please visit a store who will arrange the repair.,,,,3.9 kg,,,,,,,,,,,,,,
958GE,Milwaukee M12 FHIR38-201B FUEL 12V 1 x 2.0Ah Li-Ion RedLithium Brushless Cordless High Speed Ratchet,Milwaukee,M12 FHIR38-201B FUEL,178.99,GBP,,0,/p/milwaukee-m12-fhir38-201b-fuel-12v-1-x-2-0ah-li-ion-redlithium-brushless-cordless-high-speed-ratchet/958ge,https://media.screwfix.com/is/image/ae235/958GE_P?$autoprodblock$,,Li-Ion,2.0 Ah,RedLithium,"3/8 """,Milwaukee,Brushless,,,,Yes,40 min,"3/8""",Square Drive,,,,Rubber Overmould Grip,Extending product lifecycles,A brushless electronic motor runs more efficiently than brushed types. This can help reduce the tool&#x27;s energy consumption and improve durability.,,,,Low Battery Indicator,Powered,1 Year Guarantee,47 Nm,M12 FHIR38-201B FUEL,0-450 rpm,1,,,1,1,Cordless,12 V,272 mm,High Speed Ratchet,,Should the product require repair please visit a store who will arrange the repair.,,Trigger Switch,1 kg,,,,,,,,,,,,,,,
768CP,Einhell Professional TP-CW 18/350-C Li BL 18V Li-Ion Power X-Change Brushless Cordless Impact Wrench - Bare,Einhell Professional,TP-CW 18/350-C Li BL,139.99,GBP,,0,/p/einhell-professional-tp-cw-18-350-c-li-bl-18v-li-ion-power-x-change-brushless-cordless-impact-wrench-bare/768cp,https://media.screwfix.com/is/image/ae235/768CP_P?$autoprodblock$,Impact Wrenches,Li-Ion,,Power X-Change,M20,Einhell Professional,Brushless,,,,No,,"1/2""",Square Drive,,,,Without Handle,Extending product lifecycles,Sharing a battery between tools can make better use of resources.,3300 bpm,,,,,1 Year Guarantee,350 Nm,TP-CW 18/350-C Li BL,2400 m/min,None,,,1,1,Cordless,18 V,132 mm,Impact Wrench,,Should the product require repair please visit a store who will arrange the repair.,,,,1.03 kg,,,Einhell UK,"Champions Business Park, First Floor Unit 10, Wirral, Upton, CH49 0AB",,Einhell,,,,,,,,
744XK,Bosch GDS 18V-1000 C Professional 18V 2 x 8.0Ah Li-Ion ProCORE18V Brushless Cordless BITURBO Impact Wrench,Bosch,GDS 18V-1000 C Professional,619.99,GBP,,0,/p/bosch-gds-18v-1000-c-professional-18v-2-x-8-0ah-li-ion-procore18v-brushless-cordless-biturbo-impact-wrench/744xk,https://media.screwfix.com/is/image/ae235/744XK_P?$autoprodblock$,,Li-Ion,8.0 Ah,ProCORE18V,"1/2 """,Bosch,Brushless,,,,Yes,79 min,"1/2""",Square Drive,,,,Soft-Grip Handle,Extending product lifecycles,A brushless electronic motor runs more efficiently than brushed types. This can help reduce the tool&#x27;s energy consumption and improve durability.,2600 bpm,,,Low Battery Indicator,,1 Year Guarantee,1000 Nm,GDS 18V-1000 C Professional,1750 rpm,2,,,1,1,Cordless,18 V,222 mm,BITURBO Impact Wrench,Professional,,,,3.86 kg,,,,,,,,,,Robert Bosch Ltd.,"Broadwater Park, North Orbital Road, Uxbridge, UB9 5HJ",www.bosch.co.uk/contact/,Bosch Power Tools B.V.,"Konijnenberg 60, 4825 BD Breda, Netherlands",www.bosch.com/contact/
654KG,Skil SD1E3265JA 20V Li-Ion PWRCORE 20 Brushless Cordless Impact Wrench - Bare,Skil,SD1E3265JA,79.99,GBP,5.0,3,/p/skil-sd1e3265ja-20v-li-ion-pwrcore-20-brushless-cordless-impact-wrench-bare/654kg,https://media.screwfix.com/is/image/ae235/654KG_P?$autoprodblock$,Impact Wrenches,Li-Ion,,PWRCORE 20,M14,Skil,Brushless,,,,Yes,,"3/8""",Square Drive Hog Ring,,,,Rubber Overmould Grip,Extending product lifecycles,A brushless electronic motor runs more efficiently than brushed types. This can help reduce the tool&#x27;s energy consumption and improve durability.,2100/3400/3950 bpm,,,,,5 Year Manufacturer&#x27;s Guarantee (T&Cs Apply),250 Nm,SD1E3265JA,1500/2250/2850 rpm,None,,,1,1,Cordless,20 V,122 mm,Impact Wrench,,,,,,1.3 kg,,,Chervon Europe Ltd,"34 Bridge Street, Reading, RG1 2LU",www.skil.com,Skil BV,"Rithmeesterpark 22A1, Breda, 4838GZ, Netherlands",www.skil.com,,,,,,
926RL,DEWALT DCF500N-XJ 12V Li-Ion XR Brushless Cordless Sealed Head Ratchet - Bare,DEWALT,DCF500N-XJ,199.99,GBP,,0,/p/dewalt-dcf500n-xj-12v-li-ion-xr-brushless-cordless-sealed-head-ratchet-bare/926rl,https://media.screwfix.com/is/image/ae235/926RL_P?$autoprodblock$,Ratchet Wrenches,Li-Ion,,XR,"1/4-3/8 """,DEWALT,Brushless,,,,No,,"3/8""",Square Drive,Brand New,Unused & in original factory/manufacturer condition.,,Rubber-Coated Grip,Extending product lifecycles,Sharing a battery between tools can make better use of resources.,,,,Low Battery Indicator,Powered,1 Year Guarantee,75 Nm,DCF500N-XJ,450 rpm,None,,,1,1,Cordless,12 V,305 mm,Sealed Head Ratchet,,Should the product require repair please visit a store who will arrange the repair.,,Trigger Switch,,0.88 kg,,,Stanley Black & Decker,"270 Bath Road, Slough, Berkshire, SL1 4DX",,Stanley Black & Decker,"Black & Decker Strasse, Idstein, 65509, Germany","Support.DEWALT.com, https://www.irwintools.com/submit-request; https://support.blackanddecker.com, support.STANLEYTOOLS.com",,,,,,
615TJ,Einhell Professional IMPAXXO 18/230 18V Li-Ion Power X-Change Brushless Cordless Impact Wrench - Bare,Einhell Professional,IMPAXXO 18/230,104.99,GBP,5.0,2,/p/einhell-professional-impaxxo-18-230-18v-li-ion-power-x-change-brushless-cordless-impact-wrench-bare/615tj,https://media.screwfix.com/is/image/ae235/615TJ_P?$autoprodblock$,Impact Wrenches,Li-Ion,,Power X-Change,"1/4 """,Einhell Professional,Brushless,,,,No,,"1/4""",Hex / Square Drive,,,,Soft-Grip Handle,Extending product lifecycles,A brushless electronic motor runs more efficiently than brushed types. This can help reduce the tool&#x27;s energy consumption and improve durability.,0-2900 bpm,No,No,,,1 Year Guarantee,230 Nm,IMPAXXO 18/230,0-2300 m/min,None,,,1,1,Cordless,18 V,216 mm,Impact Wrench,,Should the product require repair please visit a store who will arrange the repair.,,,,1.17 kg,,,Einhell UK,"Champions Business Park, First Floor Unit 10, Arrowe Brook Rd, Wirral, CH49 0AB",https://www.einhell.co.uk/services/contact/,Einhell Germany AG,Einhell Germany AG Wiesenweg 22 94405 Landau/Isar,https://www.einhell.com/services/contact/,,,,,,
188XK,DEWALT DCF922P2T-GB 18V 2 x 5.0Ah Li-Ion XR Brushless Cordless Compact Impact Wrench,DEWALT,DCF922P2T-GB,280.0,GBP,5.0,2,/p/dewalt-dcf922p2t-gb-18v-2-x-5-0ah-li-ion-xr-brushless-cordless-compact-impact-wrench/188xk,https://media.screwfix.com/is/image/ae235/188XK_P?$autoprodblock$,,Li-Ion,5.0 Ah,XR,M20,DEWALT,Brushless,,,,Yes,75 min,"1/2""",Square Drive Detent Pin,,,,Rubber Overmould Grip,Extending product lifecycles,A brushless electronic motor runs more efficiently than brushed types. This can help reduce the tool&#x27;s energy consumption and improve durability.,3600 bpm,,,Low Battery Indicator,,"3 Year Manufacturer’s Guarantee (Registration Required, T&Cs Apply)",406 Nm,DCF922P2T-GB,2500 rpm,2,,,1,1,Cordless,18 V,125 mm,Compact Impact Wrench,,Should the product require repair please visit a store who will arrange the repair.,,,1.7 kg,,,,Stanley Black & Decker,"270 Bath Road, Slough, Berkshire, SL1 4DX",,Stanley Black & Decker,"Black & Decker Strasse, Idstein, 65509, Germany","Support.DEWALT.com, https://www.irwintools.com/submit-request; https://support.blackanddecker.com, support.STANLEYTOOLS.com",,,,,,
902XK,Bosch GDS18V-1050HC 18V Li-Ion  Brushless Cordless BITURBO Impact Wrench - Bare,Bosch,GDS18V-1050HC,296.44,GBP,,0,/p/bosch-gds18v-1050hc-18v-li-ion-brushless-cordless-biturbo-impact-wrench-bare/902xk,https://media.screwfix.com/is/image/ae235/902XK_P?$autoprodblock$,Impact Wrenches,Li-Ion,,None,"3/4 """,Bosch,Brushless,,,,No,,"3/4""",Square Drive,,,,Soft-Grip Handle,Extending product lifecycles,A brushless electronic motor runs more efficiently than brushed types. This can help reduce the tool&#x27;s energy consumption and improve durability.,0-2600 bpm,,,,,1 Year Guarantee,1050 Nm,GDS18V-1050HC,0-1750 rpm,None,,,1,1,Cordless,18 V,222 mm,BITURBO Impact Wrench,Professional,Should the product require repair please visit a store who will arrange the repair.,,,,2.9 kg,,,,,,,,,Robert Bosch Ltd.,"Broadwater Park, North Orbital Road, Uxbridge, UB9 5HJ",www.bosch.co.uk/contact/,Bosch Power Tools B.V.,"Konijnenberg 60, 4825 BD Breda, Netherlands",www.bosch.com/contact/
897PV,Bosch GDS 18V-1000 18V Li-Ion ProCORE18V Brushless Cordless BITURBO Impact Wrench - Bare,Bosch,GDS 18V-1000,251.06,GBP,,0,/p/bosch-gds-18v-1000-18v-li-ion-procore18v-brushless-cordless-biturbo-impact-wrench-bare/897pv,https://media.screwfix.com/is/image/ae235/897PV_P?$autoprodblock$,Impact Wrenches,Li-Ion,,ProCORE18V,M24,Bosch,Brushless,,,,No,,"1/2""",Square Drive,,,,Soft-Grip Handle,Extending product lifecycles,Sharing a battery between tools can make better use of resources.,2600 bpm,,,,,1 Year Guarantee,1000 Nm,GDS 18V-1000,1750 rpm,None,,,1,1,Cordless,18 V,222 mm,BITURBO Impact Wrench,Professional,Should the product require repair please visit a store who will arrange the repair.,,,,2.9 kg,,,,,,,,,Robert Bosch Ltd.,"Broadwater Park, North Orbital Road, Uxbridge, UB9 5HJ",www.bosch.co.uk/contact/,Bosch Power Tools B.V.,"Konijnenberg 60, 4825 BD Breda, Netherlands",www.bosch.com/contact/
330CP,Einhell Professional TP-CW 18/260-C Li BL 18V Li-Ion Power X-Change Brushless Cordless Impact Wrench - Bare,Einhell Professional,TP-CW 18/260-C Li BL,119.99,GBP,5.0,1,/p/einhell-professional-tp-cw-18-260-c-li-bl-18v-li-ion-power-x-change-brushless-cordless-impact-wrench-bare/330cp,https://media.screwfix.com/is/image/ae235/330CP_P?$autoprodblock$,Impact Wrenches,Li-Ion,,Power X-Change,M16,Einhell Professional,Brushless,,,,No,,"1/2""",Square Drive,,,,Without Handle,Extending product lifecycles,Sharing a battery between tools can make better use of resources.,3800 bpm,,,,,1 Year Guarantee,260 Nm,TP-CW 18/260-C Li BL,2700 m/min,None,,,1,1,Cordless,18 V,119 mm,Impact Wrench,,Should the product require repair please visit a store who will arrange the repair.,,,,0.95 kg,,,Einhell UK,"Champions Business Park, First Floor Unit 10, Wirral, Upton, CH49 0AB",,Einhell,,,,,,,,
5445J,Makita DTW450Z 18V Li-Ion LXT  Cordless Impact Wrench - Bare,Makita,DTW450Z,198.99,GBP,4.4,5,/p/makita-dtw450z-18v-li-ion-lxt-cordless-impact-wrench-bare/5445j,https://media.screwfix.com/is/image/ae235/5445J_P?$autoprodblock$,Impact Wrenches,Li-Ion,,LXT,M22,Makita,Brushed,,,,No,,"1/2""",Square Drive,Brand New,Unused & in original factory/manufacturer condition.,,Soft-Grip Handle,Extending product lifecycles,Sharing a battery between tools can make better use of resources.,0-2200 bpm,,,,,1 Year Guarantee,440 Nm,DTW450Z,0-1600 rpm,None,,,1,1,Cordless,18 V,266 mm,Impact Wrench,,Should the product require repair please visit a store who will arrange the repair.,,,,2.8 kg,,,,,,,,,,,,,,
7240P,Makita DTW251Z 18V Li-Ion LXT  Cordless Impact Wrench - Bare,Makita,DTW251Z,131.99,GBP,4.5,2,/p/makita-dtw251z-18v-li-ion-lxt-cordless-impact-wrench-bare/7240p,https://media.screwfix.com/is/image/ae235/7240P_P?$autoprodblock$,Impact Wrenches,Li-Ion,,LXT,"3-5/8 """,Makita,Brushed,,,,No,,"1/2""",Square Drive,Brand New,Unused & in original factory/manufacturer condition.,,Soft-Grip Handle,Extending product lifecycles,Sharing a battery between tools can make better use of resources.,0-3200 bpm,,,,,1 Year Guarantee,230 Nm,DTW251Z,0-2100 rpm,None,,,1,1,Cordless,18 V,165 mm,Impact Wrench,,Should the product require repair please visit a store who will arrange the repair.,,,,1.1 kg,,,,,,,,,,,,,,
196EG,Refurb Erbauer ERI1095IPD 18V Li-Ion EXT Brushless Cordless Impact Wrench - Bare,Erbauer,ERI1095IPD,47.99,GBP,,0,/p/refurb-erbauer-eri1095ipd-18v-li-ion-ext-brushless-cordless-impact-wrench-bare/196eg,https://media.screwfix.com/is/image/ae235/196EG_P?$autoprodblock$,Impact Wrenches,Li-Ion,,EXT,M20,Erbauer,Brushless,,,,No,,"1/2""",Square Drive,Refurbished,"May have been previously used & show signs of cosmetic wear & tear. Original packaging may be missing or replaced. Supplied in working order, function tested & with the accessories detailed in the products description.",,Soft-Grip Handle,Extending product lifecycles,"This second hand tool has been refurbished, repaired and tested. Keeping products in use for longer helps to reduce the overall demand for new products and can also contribute to waste reduction.",0-1000/1700/2900/3700 bpm,,,,,1 Year Guarantee,380 Nm,ERI1095IPD,0-700/1100/1900/2600 rpm,None,,,1,1,Cordless,18 V,130 mm,Impact Wrench,,Should the product require repair please visit a store who will arrange the repair.,,,,1120 g,,,,,,,,,,,,,,
612CX,Milwaukee M12FPTR-202X FUEL INSIDER 12V 2 x 2.0Ah Li-Ion RedLithium Brushless Cordless Pass-Through Ratchet,Milwaukee,M12FPTR-202X FUEL INSIDER,339.99,GBP,,0,/p/milwaukee-m12fptr-202x-fuel-insider-12v-2-x-2-0ah-li-ion-redlithium-brushless-cordless-pass-through-ratchet/612cx,https://media.screwfix.com/is/image/ae235/612CX_P?$autoprodblock$,,Li-Ion,2.0 Ah,RedLithium,"1/4 """,Milwaukee,Brushless,,,,Yes,40 min,"1/4""",Hex Tool Holder,,,,Rubber Overmould Grip,,,,,,Low Battery Indicator,Powered,"3 Year Manufacturer’s Guarantee (Registration Required, T&Cs Apply)",81 Nm,M12FPTR-202X FUEL INSIDER,350 rpm,2,,,1,1,Cordless,12 V,475 mm,Pass-Through Ratchet,,Should the product require repair please visit a store who will arrange the repair.,,Trigger Switch,5.21 kg,,,,,,,,,,,,,,,
231XJ,Makita WR100DZ 12V Li-Ion CXT  Cordless Ratchet Wrench - Bare,Makita,WR100DZ,108.99,GBP,4.7,3,/p/makita-wr100dz-12v-li-ion-cxt-cordless-ratchet-wrench-bare/231xj,https://media.screwfix.com/is/image/ae235/231XJ_P?$autoprodblock$,Ratchet Wrenches,Li-Ion,,CXT,"1/2 """,Makita,Brushed,,,,No,,"1/4""",Hex / Square Drive,Brand New,Unused & in original factory/manufacturer condition.,,Soft-Grip Handle,Extending product lifecycles,Sharing a battery between tools can make better use of resources.,,,,Low Battery Indicator,Powered,1 Year Guarantee,47.5 Nm,WR100DZ,0-800 rpm,None,,,1,1,Cordless,12 V,341 mm,Ratchet Wrench,,Should the product require repair please visit a store who will arrange the repair.,,Trigger Switch,,1.0 kg,,,,,,,,,,,,,,
231KU,Bosch GDS 18V-450 HC 18V Li-Ion CoolPack Brushless Cordless Impact Wrench - Bare,Bosch,GDS 18V-450 HC,274.99,GBP,4.0,1,/p/bosch-gds-18v-450-hc-18v-li-ion-coolpack-brushless-cordless-impact-wrench-bare/231ku,https://media.screwfix.com/is/image/ae235/231KU_P?$autoprodblock$,Impact Wrenches,Li-Ion,,CoolPack,"1/2 """,Bosch,Brushless,,,,Yes,,"1/2""",Keyless Chuck,,,,Rubber Overmould Grip,Extending product lifecycles,A brushless electronic motor runs more efficiently than brushed types. This can help reduce the tool&#x27;s energy consumption and improve durability.,3300 bpm,,,,,1 Year Guarantee,450 Nm,GDS 18V-450 HC,2300 rpm,None,,,1,1,Cordless,18 V,169 mm,Impact Wrench,Professional,Should the product require repair please visit a store who will arrange the repair.,,,,1.6 kg,,,,,,,,,Robert Bosch Ltd.,"Broadwater Park, North Orbital Road, Uxbridge, UB9 5HJ",www.bosch.co.uk/contact/,Bosch Power Tools B.V.,"Konijnenberg 60, 4825 BD Breda, Netherlands",www.bosch.com/contact/
946XJ,Makita DTW180Z 18V Li-Ion LXT Brushless Cordless Impact Wrench  - Bare,Makita,DTW180Z,118.99,GBP,3.0,1,/p/makita-dtw180z-18v-li-ion-lxt-brushless-cordless-impact-wrench-bare/946xj,https://media.screwfix.com/is/image/ae235/946XJ_P?$autoprodblock$,Impact Wrenches,Li-Ion,,LXT,"5/8 """,Makita,Brushless,,,,No,,"3/8""",Square Drive,Brand New,Unused & in original factory/manufacturer condition.,,Soft-Grip Handle,Extending product lifecycles,Sharing a battery between tools can make better use of resources.,0-3600 / 0-2000 bpm,,,,,1 Year Guarantee,180 Nm,DTW180Z,"0-2,400/0-1,300 rpm",None,,,1,1,Cordless,18 V,144 mm,Impact Wrench,,Should the product require repair please visit a store who will arrange the repair.,,,,1.2 kg,,,,,,,,,,,,,,
987KN,Skil SD1E3285CA 20V Li-Ion PWRCORE 20 Brushless Cordless Impact Wrench - Bare,Skil,SD1E3285CA,99.99,GBP,,0,/p/skil-sd1e3285ca-20v-li-ion-pwrcore-20-brushless-cordless-impact-wrench-bare/987kn,https://media.screwfix.com/is/image/ae235/987KN_P?$autoprodblock$,Impact Wrenches,Li-Ion,,PWRCORE 20,M24,Skil,Brushless,,,,No,,"1/2""",Square Drive Hog Ring,,,,Rubber Overmould Grip,Extending product lifecycles,A brushless electronic motor runs more efficiently than brushed types. This can help reduce the tool&#x27;s energy consumption and improve durability.,1100/2000/2600 bpm,,,,,5 Year Manufacturer&#x27;s Guarantee (T&Cs Apply),700 Nm,SD1E3285CA,800/1400/1900 rpm,None,,,1,1,Cordless,20 V,202.5 mm,Impact Wrench,,,,,,2.45 kg,,,,,,,,,Chervon Europe Ltd,"34 Bridge Street, Reading, RG1 2LU",www.skil.com,Skil BV,"Rithmeesterpark 22A1, Breda, 4838GZ, Netherlands",www.skil.com
859FU,Bosch GDS 18V-450 PC 18V 2 x 4.0Ah Li-Ion ProCORE18V Brushless Cordless Impact Wrench,Bosch,GDS 18V-450 PC,449.99,GBP,,0,/p/bosch-gds-18v-450-pc-18v-2-x-4-0ah-li-ion-procore18v-brushless-cordless-impact-wrench/859fu,https://media.screwfix.com/is/image/ae235/859FU_P?$autoprodblock$,,Li-Ion,4.0 Ah,ProCORE18V,"1/2 """,Bosch,Brushless,,,,Yes,51 min,"1/2""",Hex / Square Drive,,,,Soft-Grip Handle,Extending product lifecycles,A brushless electronic motor runs more efficiently than brushed types. This can help reduce the tool&#x27;s energy consumption and improve durability.,"3,300 bpm",,,Low Battery Indicator,,1 Year Guarantee,450 Nm,GDS 18V-450 PC,2300 rpm,2,,,1,1,Cordless,18 V,169 mm,Impact Wrench,Professional,Should the product require repair please visit a store who will arrange the repair.,,,1.9 kg,,,,Robert Bosch Ltd.,"Broadwater Park, North Orbital Road, Uxbridge, UB9 5HJ",www.bosch.co.uk/contact/,Bosch Power Tools B.V.,"Konijnenberg 60, 4825 BD Breda, Netherlands",www.bosch.com/contact/,,,,,,
760XK,DEWALT DCF891P2T-GB 18V 2 x 5.0Ah Li-Ion XR Brushless Cordless Impact Wrench,DEWALT,DCF891P2T-GB,369.99,GBP,,0,/p/dewalt-dcf891p2t-gb-18v-2-x-5-0ah-li-ion-xr-brushless-cordless-impact-wrench/760xk,https://media.screwfix.com/is/image/ae235/760XK_P?$autoprodblock$,,Li-Ion,5.0 Ah,XR,M24,DEWALT,Brushless,,,,Yes,75 min,"1/2""",Square Drive Hog Ring,,,,Rubber Overmould Grip,Extending product lifecycles,A brushless electronic motor runs more efficiently than brushed types. This can help reduce the tool&#x27;s energy consumption and improve durability.,3250 bpm,,,Low Battery Indicator,,"3 Year Manufacturer’s Guarantee (Registration Required, T&Cs Apply)",812 Nm,DCF891P2T-GB,2000 rpm,2,,,1,1,Cordless,18 V,175 mm,Impact Wrench,,Should the product require repair please visit a store who will arrange the repair.,,,2.3 kg,,,,,,,,,,Stanley Black & Decker,"270 Bath Road, Slough, Berkshire, SL1 4DX",,Stanley Black & Decker,"Black & Decker Strasse, Idstein, 65509, Germany","Support.DEWALT.com, https://www.irwintools.com/submit-request; https://support.blackanddecker.com, support.STANLEYTOOLS.com"
641CK,Bosch GDS 18V-320 HC 18V Li-Ion AMPShare  Cordless Impact Wrench - Bare,Bosch,GDS 18V-320 HC,229.99,GBP,,0,/p/bosch-gds-18v-320-hc-18v-li-ion-ampshare-cordless-impact-wrench-bare/641ck,https://media.screwfix.com/is/image/ae235/641CK_P?$autoprodblock$,Impact Wrenches,Li-Ion,,AMPShare,3/8”,Bosch,Brushed,,,,No,,"3/8""",Square Drive,,,,Soft-Grip Handle,Extending product lifecycles,Sharing a battery between tools can make better use of resources.,"0-3,800 bpm",,,,,1 Year Guarantee,320 Nm,GDS 18V-320 HC,"0-2,800 rpm",None,,,1,1,Cordless,18 V,205 mm,Impact Wrench,Professional,Should the product require repair please visit a store who will arrange the repair.,,,,1.2 kg,,,Robert Bosch Ltd.,"Broadwater Park, North Orbital Road, Uxbridge, UB9 5HJ",,Bosch Power Tools B.V.,"Konijnenberg 60, 4825 BD Breda, Netherlands",,,,,,,
578CK,Bosch GDS 18V-1600 HC 18V Li-Ion AMPShare Brushless Cordless Impact Wrench - Bare,Bosch,GDS 18V-1600 HC,349.99,GBP,,0,/p/bosch-gds-18v-1600-hc-18v-li-ion-ampshare-brushless-cordless-impact-wrench-bare/578ck,https://media.screwfix.com/is/image/ae235/578CK_P?$autoprodblock$,Impact Wrenches,Li-Ion,,AMPShare,"3/4 """,Bosch,Brushless,,,,No,,"3/4""",Square Drive,,,,Soft-Grip Handle,Extending product lifecycles,Sharing a battery between tools can make better use of resources.,"0-2,350 bpm",,,,,1 Year Guarantee,1600 Nm,GDS 18V-1600 HC,"0-1,750 rpm",None,,,1,1,Cordless,18 V,242 mm,Impact Wrench,Professional,Should the product require repair please visit a store who will arrange the repair.,,,,3.2 kg,,,Robert Bosch Ltd.,"Broadwater Park, North Orbital Road, Uxbridge, UB9 5HJ",,Bosch Power Tools B.V.,"Konijnenberg 60, 4825 BD Breda, Netherlands",,,,,,,
459FG,Bosch GDS 12V-115 12V Li-Ion CoolPack Brushless Cordless Impact Wrench - Bare,Bosch,GDS 12V-115,163.02,GBP,,0,/p/bosch-gds-12v-115-12v-li-ion-coolpack-brushless-cordless-impact-wrench-bare/459fg,https://media.screwfix.com/is/image/ae235/459FG_P?$autoprodblock$,Impact Wrenches,Li-Ion,,CoolPack,"3/8 """,Bosch,Brushless,,,,No,,"3/8""",Keyless Chuck,Brand New,Unused & in original factory/manufacturer condition.,,Rubber Overmould Grip,Extending product lifecycles,Sharing a battery between tools can make better use of resources.,3100 bpm,,,,,1 Year Guarantee,115 Nm,GDS 12V-115,2600 rpm,None,,,1,1,Cordless,12 V,137 mm,Impact Wrench,Professional,Should the product require repair please visit a store who will arrange the repair.,,,,0.9 kg,,,,,,,,,Robert Bosch Ltd.,"Broadwater Park, North Orbital Road, Uxbridge, UB9 5HJ",www.bosch.co.uk/contact/,Bosch Power Tools B.V.,"Konijnenberg 60, 4825 BD Breda, Netherlands",www.bosch.com/contact/
400XK,Bosch GDS 18V-1000 C Professional 18V 2 x 5.0Ah Li-Ion ProCORE18V Brushless Cordless BITURBO Impact Wrench,Bosch,GDS 18V-1000 C Professional,574.99,GBP,,0,/p/bosch-gds-18v-1000-c-professional-18v-2-x-5-0ah-li-ion-procore18v-brushless-cordless-biturbo-impact-wrench/400xk,https://media.screwfix.com/is/image/ae235/400XK_P?$autoprodblock$,,Li-Ion,5.0 Ah,ProCORE18V,"1/2 """,Bosch,Brushless,,,,Yes,49 min,"1/2""",Square Drive,,,,Soft-Grip Handle,Extending product lifecycles,A brushless electronic motor runs more efficiently than brushed types. This can help reduce the tool&#x27;s energy consumption and improve durability.,2600 bpm,,,Low Battery Indicator,,1 Year Guarantee,1000 Nm,GDS 18V-1000 C Professional,1750 rpm,2,,,1,1,Cordless,18 V,222 mm,BITURBO Impact Wrench,Professional,,,,3.86 kg,,,,,,,,,,Robert Bosch Ltd.,"Broadwater Park, North Orbital Road, Uxbridge, UB9 5HJ",www.bosch.co.uk/contact/,Bosch Power Tools B.V.,"Konijnenberg 60, 4825 BD Breda, Netherlands",www.bosch.com/contact/
358RL,DEWALT DCF921H2T-GB 18V 2 x 5.0Ah Li-Ion PowerStack Brushless Cordless Impact Wrench,DEWALT,DCF921H2T-GB,180.0,GBP,,0,/p/dewalt-dcf921h2t-gb-18v-2-x-5-0ah-li-ion-powerstack-brushless-cordless-impact-wrench/358rl,https://media.screwfix.com/is/image/ae235/358RL_P?$autoprodblock$,,Li-Ion,5.0 Ah,PowerStack,"1/2 """,DEWALT,Brushless,,,,Yes,75 min,"1/2""",Square Drive Hog Ring,,,,Rubber Overmould Grip,Extending product lifecycles,A brushless electronic motor runs more efficiently than brushed types. This can help reduce the tool&#x27;s energy consumption and improve durability.,0-3550 bpm,,,Low Battery Indicator,,1 Year Guarantee,406 Nm,DCF921H2T-GB,0-2500 rpm,2,,,1,1,Cordless,18 V,125 mm,Impact Wrench,,Should the product require repair please visit a store who will arrange the repair.,,,1.6 kg,,,,Stanley Black & Decker,"270 Bath Road, Slough, Berkshire, SL1 4DX",,Stanley Black & Decker,"Black & Decker Strasse, Idstein, 65509, Germany","Support.DEWALT.com, https://www.irwintools.com/submit-request; https://support.blackanddecker.com, support.STANLEYTOOLS.com",,,,,,
